record_id,country_code,country_name,region,income_level,date,year,month,week,latitude,longitude,vector_disease_risk_score,precipitation_mm,gdp_per_capita_usd
2257,NGA,Nigeria,Africa,Lower-Middle,2015-01-04,2015,1,1,9.08,8.67,9.2,86.2,2425.0
2258,NGA,Nigeria,Africa,Lower-Middle,2015-01-11,2015,1,2,9.08,8.67,45.5,145.8,2425.0
2259,NGA,Nigeria,Africa,Lower-Middle,2015-01-18,2015,1,3,9.08,8.67,32.3,115.1,2425.0
2260,NGA,Nigeria,Africa,Lower-Middle,2015-01-25,2015,1,4,9.08,8.67,43.3,92.5,2425.0
2261,NGA,Nigeria,Africa,Lower-Middle,2015-02-01,2015,2,5,9.08,8.67,42.1,74.0,2429.0
2262,NGA,Nigeria,Africa,Lower-Middle,2015-02-08,2015,2,6,9.08,8.67,48.4,120.7,2429.0
2263,NGA,Nigeria,Africa,Lower-Middle,2015-02-15,2015,2,7,9.08,8.67,41.0,156.9,2429.0
2264,NGA,Nigeria,Africa,Lower-Middle,2015-02-22,2015,2,8,9.08,8.67,50.5,121.8,2429.0
2265,NGA,Nigeria,Africa,Lower-Middle,2015-03-01,2015,3,9,9.08,8.67,18.2,36.8,2433.0
2266,NGA,Nigeria,Africa,Lower-Middle,2015-03-08,2015,3,10,9.08,8.67,59.9,126.2,2433.0
2267,NGA,Nigeria,Africa,Lower-Middle,2015-03-15,2015,3,11,9.08,8.67,52.9,134.7,2433.0
2268,NGA,Nigeria,Africa,Lower-Middle,2015-03-22,2015,3,12,9.08,8.67,50.1,131.4,2433.0
2269,NGA,Nigeria,Africa,Lower-Middle,2015-03-29,2015,3,13,9.08,8.67,72.0,120.5,2433.0
2270,NGA,Nigeria,Africa,Lower-Middle,2015-04-05,2015,4,14,9.08,8.67,36.2,107.8,2437.0
2271,NGA,Nigeria,Africa,Lower-Middle,2015-04-12,2015,4,15,9.08,8.67,47.0,125.4,2437.0
2272,NGA,Nigeria,Africa,Lower-Middle,2015-04-19,2015,4,16,9.08,8.67,58.8,130.1,2437.0
2273,NGA,Nigeria,Africa,Lower-Middle,2015-04-26,2015,4,17,9.08,8.67,46.0,185.6,2437.0
2274,NGA,Nigeria,Africa,Lower-Middle,2015-05-03,2015,5,18,9.08,8.67,51.9,110.0,2441.0
2275,NGA,Nigeria,Africa,Lower-Middle,2015-05-10,2015,5,19,9.08,8.67,43.0,120.7,2441.0
2276,NGA,Nigeria,Africa,Lower-Middle,2015-05-17,2015,5,20,9.08,8.67,51.3,187.2,2441.0
2277,NGA,Nigeria,Africa,Lower-Middle,2015-05-24,2015,5,21,9.08,8.67,18.3,59.4,2441.0
2278,NGA,Nigeria,Africa,Lower-Middle,2015-05-31,2015,5,22,9.08,8.67,44.8,103.2,2441.0
2279,NGA,Nigeria,Africa,Lower-Middle,2015-06-07,2015,6,23,9.08,8.67,43.8,62.2,2445.0
2280,NGA,Nigeria,Africa,Lower-Middle,2015-06-14,2015,6,24,9.08,8.67,44.6,121.7,2445.0
2281,NGA,Nigeria,Africa,Lower-Middle,2015-06-21,2015,6,25,9.08,8.67,30.9,56.3,2445.0
2282,NGA,Nigeria,Africa,Lower-Middle,2015-06-28,2015,6,26,9.08,8.67,11.4,63.5,2445.0
2283,NGA,Nigeria,Africa,Lower-Middle,2015-07-05,2015,7,27,9.08,8.67,39.8,49.0,2449.0
2284,NGA,Nigeria,Africa,Lower-Middle,2015-07-12,2015,7,28,9.08,8.67,32.4,89.3,2449.0
2285,NGA,Nigeria,Africa,Lower-Middle,2015-07-19,2015,7,29,9.08,8.67,6.5,40.8,2449.0
2286,NGA,Nigeria,Africa,Lower-Middle,2015-07-26,2015,7,30,9.08,8.67,10.8,70.4,2449.0
2287,NGA,Nigeria,Africa,Lower-Middle,2015-08-02,2015,8,31,9.08,8.67,2.7,44.3,2453.0
2288,NGA,Nigeria,Africa,Lower-Middle,2015-08-09,2015,8,32,9.08,8.67,6.8,76.3,2453.0
2289,NGA,Nigeria,Africa,Lower-Middle,2015-08-16,2015,8,33,9.08,8.67,7.1,23.2,2453.0
2290,NGA,Nigeria,Africa,Lower-Middle,2015-08-23,2015,8,34,9.08,8.67,5.1,48.2,2453.0
2291,NGA,Nigeria,Africa,Lower-Middle,2015-08-30,2015,8,35,9.08,8.67,2.9,30.2,2453.0
2292,NGA,Nigeria,Africa,Lower-Middle,2015-09-06,2015,9,36,9.08,8.67,1.5,29.6,2457.0
2293,NGA,Nigeria,Africa,Lower-Middle,2015-09-13,2015,9,37,9.08,8.67,6.9,32.3,2457.0
2294,NGA,Nigeria,Africa,Lower-Middle,2015-09-20,2015,9,38,9.08,8.67,8.0,70.0,2457.0
2295,NGA,Nigeria,Africa,Lower-Middle,2015-09-27,2015,9,39,9.08,8.67,1.8,93.6,2457.0
2296,NGA,Nigeria,Africa,Lower-Middle,2015-10-04,2015,10,40,9.08,8.67,3.2,6.2,2461.0
2297,NGA,Nigeria,Africa,Lower-Middle,2015-10-11,2015,10,41,9.08,8.67,3.5,54.8,2461.0
2298,NGA,Nigeria,Africa,Lower-Middle,2015-10-18,2015,10,42,9.08,8.67,2.3,45.7,2461.0
2299,NGA,Nigeria,Africa,Lower-Middle,2015-10-25,2015,10,43,9.08,8.67,6.1,11.6,2461.0
2300,NGA,Nigeria,Africa,Lower-Middle,2015-11-01,2015,11,44,9.08,8.67,1.3,65.7,2465.0
2301,NGA,Nigeria,Africa,Lower-Middle,2015-11-08,2015,11,45,9.08,8.67,5.5,79.4,2465.0
2302,NGA,Nigeria,Africa,Lower-Middle,2015-11-15,2015,11,46,9.08,8.67,7.6,17.5,2465.0
2303,NGA,Nigeria,Africa,Lower-Middle,2015-11-22,2015,11,47,9.08,8.67,1.1,0.0,2465.0
2304,NGA,Nigeria,Africa,Lower-Middle,2015-11-29,2015,11,48,9.08,8.67,8.4,15.0,2465.0
2305,NGA,Nigeria,Africa,Lower-Middle,2015-12-06,2015,12,49,9.08,8.67,7.7,55.0,2469.0
2306,NGA,Nigeria,Africa,Lower-Middle,2015-12-13,2015,12,50,9.08,8.67,40.0,62.5,2469.0
2307,NGA,Nigeria,Africa,Lower-Middle,2015-12-20,2015,12,51,9.08,8.67,5.1,59.5,2469.0
2308,NGA,Nigeria,Africa,Lower-Middle,2015-12-27,2015,12,52,9.08,8.67,52.7,115.4,2469.0
2309,NGA,Nigeria,Africa,Lower-Middle,2016-01-03,2016,1,53,9.08,8.67,3.6,120.2,2473.0
2310,NGA,Nigeria,Africa,Lower-Middle,2016-01-10,2016,1,1,9.08,8.67,4.5,40.2,2473.0
2311,NGA,Nigeria,Africa,Lower-Middle,2016-01-17,2016,1,2,9.08,8.67,35.8,43.8,2473.0
2312,NGA,Nigeria,Africa,Lower-Middle,2016-01-24,2016,1,3,9.08,8.67,38.4,158.8,2473.0
2313,NGA,Nigeria,Africa,Lower-Middle,2016-01-31,2016,1,4,9.08,8.67,25.9,106.3,2473.0
2314,NGA,Nigeria,Africa,Lower-Middle,2016-02-07,2016,2,5,9.08,8.67,28.5,104.9,2477.0
2315,NGA,Nigeria,Africa,Lower-Middle,2016-02-14,2016,2,6,9.08,8.67,41.3,77.0,2477.0
2316,NGA,Nigeria,Africa,Lower-Middle,2016-02-21,2016,2,7,9.08,8.67,41.6,64.7,2477.0
2317,NGA,Nigeria,Africa,Lower-Middle,2016-02-28,2016,2,8,9.08,8.67,50.7,166.4,2477.0
2318,NGA,Nigeria,Africa,Lower-Middle,2016-03-06,2016,3,9,9.08,8.67,63.5,122.2,2481.0
2319,NGA,Nigeria,Africa,Lower-Middle,2016-03-13,2016,3,10,9.08,8.67,54.9,176.4,2481.0
2320,NGA,Nigeria,Africa,Lower-Middle,2016-03-20,2016,3,11,9.08,8.67,50.4,126.5,2481.0
2321,NGA,Nigeria,Africa,Lower-Middle,2016-03-27,2016,3,12,9.08,8.67,37.9,125.7,2481.0
2322,NGA,Nigeria,Africa,Lower-Middle,2016-04-03,2016,4,13,9.08,8.67,61.7,133.2,2485.0
2323,NGA,Nigeria,Africa,Lower-Middle,2016-04-10,2016,4,14,9.08,8.67,52.8,162.5,2485.0
2324,NGA,Nigeria,Africa,Lower-Middle,2016-04-17,2016,4,15,9.08,8.67,31.0,96.8,2485.0
2325,NGA,Nigeria,Africa,Lower-Middle,2016-04-24,2016,4,16,9.08,8.67,47.1,137.3,2485.0
2326,NGA,Nigeria,Africa,Lower-Middle,2016-05-01,2016,5,17,9.08,8.67,65.9,126.5,2489.0
2327,NGA,Nigeria,Africa,Lower-Middle,2016-05-08,2016,5,18,9.08,8.67,48.9,112.7,2489.0
2328,NGA,Nigeria,Africa,Lower-Middle,2016-05-15,2016,5,19,9.08,8.67,63.2,156.1,2489.0
2329,NGA,Nigeria,Africa,Lower-Middle,2016-05-22,2016,5,20,9.08,8.67,38.6,92.5,2489.0
2330,NGA,Nigeria,Africa,Lower-Middle,2016-05-29,2016,5,21,9.08,8.67,58.5,130.5,2489.0
2331,NGA,Nigeria,Africa,Lower-Middle,2016-06-05,2016,6,22,9.08,8.67,52.2,82.0,2493.0
2332,NGA,Nigeria,Africa,Lower-Middle,2016-06-12,2016,6,23,9.08,8.67,25.8,78.1,2493.0
2333,NGA,Nigeria,Africa,Lower-Middle,2016-06-19,2016,6,24,9.08,8.67,42.6,113.3,2493.0
2334,NGA,Nigeria,Africa,Lower-Middle,2016-06-26,2016,6,25,9.08,8.67,23.9,48.9,2493.0
2335,NGA,Nigeria,Africa,Lower-Middle,2016-07-03,2016,7,26,9.08,8.67,6.6,124.8,2497.0
2336,NGA,Nigeria,Africa,Lower-Middle,2016-07-10,2016,7,27,9.08,8.67,5.1,20.9,2497.0
2337,NGA,Nigeria,Africa,Lower-Middle,2016-07-17,2016,7,28,9.08,8.67,4.4,64.2,2497.0
2338,NGA,Nigeria,Africa,Lower-Middle,2016-07-24,2016,7,29,9.08,8.67,3.6,28.1,2497.0
2339,NGA,Nigeria,Africa,Lower-Middle,2016-07-31,2016,7,30,9.08,8.67,5.8,79.6,2497.0
2340,NGA,Nigeria,Africa,Lower-Middle,2016-08-07,2016,8,31,9.08,8.67,8.7,40.1,2501.0
2341,NGA,Nigeria,Africa,Lower-Middle,2016-08-14,2016,8,32,9.08,8.67,3.0,84.4,2501.0
2342,NGA,Nigeria,Africa,Lower-Middle,2016-08-21,2016,8,33,9.08,8.67,7.0,66.9,2501.0
2343,NGA,Nigeria,Africa,Lower-Middle,2016-08-28,2016,8,34,9.08,8.67,3.5,68.3,2501.0
2344,NGA,Nigeria,Africa,Lower-Middle,2016-09-04,2016,9,35,9.08,8.67,0.0,34.5,2505.0
2345,NGA,Nigeria,Africa,Lower-Middle,2016-09-11,2016,9,36,9.08,8.67,2.9,12.7,2505.0
2346,NGA,Nigeria,Africa,Lower-Middle,2016-09-18,2016,9,37,9.08,8.67,0.8,18.2,2505.0
2347,NGA,Nigeria,Africa,Lower-Middle,2016-09-25,2016,9,38,9.08,8.67,7.3,0.0,2505.0
2348,NGA,Nigeria,Africa,Lower-Middle,2016-10-02,2016,10,39,9.08,8.67,5.2,14.3,2509.0
2349,NGA,Nigeria,Africa,Lower-Middle,2016-10-09,2016,10,40,9.08,8.67,9.4,25.6,2509.0
2350,NGA,Nigeria,Africa,Lower-Middle,2016-10-16,2016,10,41,9.08,8.67,0.0,45.3,2509.0
2351,NGA,Nigeria,Africa,Lower-Middle,2016-10-23,2016,10,42,9.08,8.67,3.6,22.9,2509.0
2352,NGA,Nigeria,Africa,Lower-Middle,2016-10-30,2016,10,43,9.08,8.67,7.6,61.2,2509.0
2353,NGA,Nigeria,Africa,Lower-Middle,2016-11-06,2016,11,44,9.08,8.67,7.5,67.5,2513.0
2354,NGA,Nigeria,Africa,Lower-Middle,2016-11-13,2016,11,45,9.08,8.67,7.0,43.8,2513.0
2355,NGA,Nigeria,Africa,Lower-Middle,2016-11-20,2016,11,46,9.08,8.67,3.7,46.7,2513.0
2356,NGA,Nigeria,Africa,Lower-Middle,2016-11-27,2016,11,47,9.08,8.67,11.2,59.1,2513.0
2357,NGA,Nigeria,Africa,Lower-Middle,2016-12-04,2016,12,48,9.08,8.67,5.4,75.5,2517.0
2358,NGA,Nigeria,Africa,Lower-Middle,2016-12-11,2016,12,49,9.08,8.67,5.6,63.2,2517.0
2359,NGA,Nigeria,Africa,Lower-Middle,2016-12-18,2016,12,50,9.08,8.67,3.1,92.6,2517.0
2360,NGA,Nigeria,Africa,Lower-Middle,2016-12-25,2016,12,51,9.08,8.67,3.3,95.8,2517.0
2361,NGA,Nigeria,Africa,Lower-Middle,2017-01-01,2017,1,52,9.08,8.67,3.6,81.1,2522.0
2362,NGA,Nigeria,Africa,Lower-Middle,2017-01-08,2017,1,1,9.08,8.67,47.2,106.5,2522.0
2363,NGA,Nigeria,Africa,Lower-Middle,2017-01-15,2017,1,2,9.08,8.67,34.2,94.1,2522.0
2364,NGA,Nigeria,Africa,Lower-Middle,2017-01-22,2017,1,3,9.08,8.67,32.6,105.9,2522.0
2365,NGA,Nigeria,Africa,Lower-Middle,2017-01-29,2017,1,4,9.08,8.67,41.9,40.0,2522.0
2366,NGA,Nigeria,Africa,Lower-Middle,2017-02-05,2017,2,5,9.08,8.67,46.3,153.1,2526.0
2367,NGA,Nigeria,Africa,Lower-Middle,2017-02-12,2017,2,6,9.08,8.67,43.0,107.4,2526.0
2368,NGA,Nigeria,Africa,Lower-Middle,2017-02-19,2017,2,7,9.08,8.67,63.7,130.4,2526.0
2369,NGA,Nigeria,Africa,Lower-Middle,2017-02-26,2017,2,8,9.08,8.67,48.4,70.8,2526.0
2370,NGA,Nigeria,Africa,Lower-Middle,2017-03-05,2017,3,9,9.08,8.67,60.6,153.8,2530.0
2371,NGA,Nigeria,Africa,Lower-Middle,2017-03-12,2017,3,10,9.08,8.67,42.8,64.8,2530.0
2372,NGA,Nigeria,Africa,Lower-Middle,2017-03-19,2017,3,11,9.08,8.67,38.2,108.9,2530.0
2373,NGA,Nigeria,Africa,Lower-Middle,2017-03-26,2017,3,12,9.08,8.67,81.8,157.6,2530.0
2374,NGA,Nigeria,Africa,Lower-Middle,2017-04-02,2017,4,13,9.08,8.67,48.3,112.5,2534.0
2375,NGA,Nigeria,Africa,Lower-Middle,2017-04-09,2017,4,14,9.08,8.67,61.4,125.2,2534.0
2376,NGA,Nigeria,Africa,Lower-Middle,2017-04-16,2017,4,15,9.08,8.67,77.3,125.3,2534.0
2377,NGA,Nigeria,Africa,Lower-Middle,2017-04-23,2017,4,16,9.08,8.67,37.0,104.9,2534.0
2378,NGA,Nigeria,Africa,Lower-Middle,2017-04-30,2017,4,17,9.08,8.67,61.1,122.6,2534.0
2379,NGA,Nigeria,Africa,Lower-Middle,2017-05-07,2017,5,18,9.08,8.67,46.7,82.6,2538.0
2380,NGA,Nigeria,Africa,Lower-Middle,2017-05-14,2017,5,19,9.08,8.67,28.6,100.3,2538.0
2381,NGA,Nigeria,Africa,Lower-Middle,2017-05-21,2017,5,20,9.08,8.67,58.3,173.4,2538.0
2382,NGA,Nigeria,Africa,Lower-Middle,2017-05-28,2017,5,21,9.08,8.67,41.4,74.0,2538.0
2383,NGA,Nigeria,Africa,Lower-Middle,2017-06-04,2017,6,22,9.08,8.67,53.0,61.7,2542.0
2384,NGA,Nigeria,Africa,Lower-Middle,2017-06-11,2017,6,23,9.08,8.67,39.0,126.2,2542.0
2385,NGA,Nigeria,Africa,Lower-Middle,2017-06-18,2017,6,24,9.08,8.67,25.1,29.8,2542.0
2386,NGA,Nigeria,Africa,Lower-Middle,2017-06-25,2017,6,25,9.08,8.67,35.0,69.6,2542.0
2387,NGA,Nigeria,Africa,Lower-Middle,2017-07-02,2017,7,26,9.08,8.67,8.7,62.6,2546.0
2388,NGA,Nigeria,Africa,Lower-Middle,2017-07-09,2017,7,27,9.08,8.67,5.2,55.7,2546.0
2389,NGA,Nigeria,Africa,Lower-Middle,2017-07-16,2017,7,28,9.08,8.67,17.7,25.7,2546.0
2390,NGA,Nigeria,Africa,Lower-Middle,2017-07-23,2017,7,29,9.08,8.67,2.7,52.0,2546.0
2391,NGA,Nigeria,Africa,Lower-Middle,2017-07-30,2017,7,30,9.08,8.67,3.7,70.2,2546.0
2392,NGA,Nigeria,Africa,Lower-Middle,2017-08-06,2017,8,31,9.08,8.67,3.6,68.8,2550.0
2393,NGA,Nigeria,Africa,Lower-Middle,2017-08-13,2017,8,32,9.08,8.67,7.4,53.8,2550.0
2394,NGA,Nigeria,Africa,Lower-Middle,2017-08-20,2017,8,33,9.08,8.67,7.3,17.6,2550.0
2395,NGA,Nigeria,Africa,Lower-Middle,2017-08-27,2017,8,34,9.08,8.67,3.8,45.9,2550.0
2396,NGA,Nigeria,Africa,Lower-Middle,2017-09-03,2017,9,35,9.08,8.67,4.4,46.5,2554.0
2397,NGA,Nigeria,Africa,Lower-Middle,2017-09-10,2017,9,36,9.08,8.67,4.3,74.2,2554.0
2398,NGA,Nigeria,Africa,Lower-Middle,2017-09-17,2017,9,37,9.08,8.67,7.4,0.0,2554.0
2399,NGA,Nigeria,Africa,Lower-Middle,2017-09-24,2017,9,38,9.08,8.67,1.7,73.9,2554.0
2400,NGA,Nigeria,Africa,Lower-Middle,2017-10-01,2017,10,39,9.08,8.67,3.0,53.3,2558.0
2401,NGA,Nigeria,Africa,Lower-Middle,2017-10-08,2017,10,40,9.08,8.67,8.0,90.4,2558.0
2402,NGA,Nigeria,Africa,Lower-Middle,2017-10-15,2017,10,41,9.08,8.67,6.0,30.2,2558.0
2403,NGA,Nigeria,Africa,Lower-Middle,2017-10-22,2017,10,42,9.08,8.67,5.8,55.3,2558.0
2404,NGA,Nigeria,Africa,Lower-Middle,2017-10-29,2017,10,43,9.08,8.67,6.4,23.1,2558.0
2405,NGA,Nigeria,Africa,Lower-Middle,2017-11-05,2017,11,44,9.08,8.67,4.4,14.7,2562.0
2406,NGA,Nigeria,Africa,Lower-Middle,2017-11-12,2017,11,45,9.08,8.67,10.9,41.0,2562.0
2407,NGA,Nigeria,Africa,Lower-Middle,2017-11-19,2017,11,46,9.08,8.67,4.4,51.7,2562.0
2408,NGA,Nigeria,Africa,Lower-Middle,2017-11-26,2017,11,47,9.08,8.67,4.1,81.9,2562.0
2409,NGA,Nigeria,Africa,Lower-Middle,2017-12-03,2017,12,48,9.08,8.67,5.2,82.1,2566.0
2410,NGA,Nigeria,Africa,Lower-Middle,2017-12-10,2017,12,49,9.08,8.67,6.3,58.4,2566.0
2411,NGA,Nigeria,Africa,Lower-Middle,2017-12-17,2017,12,50,9.08,8.67,47.9,85.7,2566.0
2412,NGA,Nigeria,Africa,Lower-Middle,2017-12-24,2017,12,51,9.08,8.67,6.0,35.3,2566.0
2413,NGA,Nigeria,Africa,Lower-Middle,2017-12-31,2017,12,52,9.08,8.67,33.1,69.1,2566.0
2414,NGA,Nigeria,Africa,Lower-Middle,2018-01-07,2018,1,1,9.08,8.67,8.3,120.1,2570.0
2415,NGA,Nigeria,Africa,Lower-Middle,2018-01-14,2018,1,2,9.08,8.67,7.3,146.5,2570.0
2416,NGA,Nigeria,Africa,Lower-Middle,2018-01-21,2018,1,3,9.08,8.67,16.7,106.5,2570.0
2417,NGA,Nigeria,Africa,Lower-Middle,2018-01-28,2018,1,4,9.08,8.67,0.0,128.6,2570.0
2418,NGA,Nigeria,Africa,Lower-Middle,2018-02-04,2018,2,5,9.08,8.67,42.6,101.4,2574.0
2419,NGA,Nigeria,Africa,Lower-Middle,2018-02-11,2018,2,6,9.08,8.67,61.4,136.5,2574.0
2420,NGA,Nigeria,Africa,Lower-Middle,2018-02-18,2018,2,7,9.08,8.67,52.3,119.2,2574.0
2421,NGA,Nigeria,Africa,Lower-Middle,2018-02-25,2018,2,8,9.08,8.67,65.6,120.3,2574.0
2422,NGA,Nigeria,Africa,Lower-Middle,2018-03-04,2018,3,9,9.08,8.67,80.2,99.7,2578.0
2423,NGA,Nigeria,Africa,Lower-Middle,2018-03-11,2018,3,10,9.08,8.67,56.3,110.3,2578.0
2424,NGA,Nigeria,Africa,Lower-Middle,2018-03-18,2018,3,11,9.08,8.67,55.2,150.2,2578.0
2425,NGA,Nigeria,Africa,Lower-Middle,2018-03-25,2018,3,12,9.08,8.67,68.8,152.0,2578.0
2426,NGA,Nigeria,Africa,Lower-Middle,2018-04-01,2018,4,13,9.08,8.67,72.7,148.9,2582.0
2427,NGA,Nigeria,Africa,Lower-Middle,2018-04-08,2018,4,14,9.08,8.67,36.8,124.6,2582.0
2428,NGA,Nigeria,Africa,Lower-Middle,2018-04-15,2018,4,15,9.08,8.67,60.5,111.8,2582.0
2429,NGA,Nigeria,Africa,Lower-Middle,2018-04-22,2018,4,16,9.08,8.67,39.6,60.9,2582.0
2430,NGA,Nigeria,Africa,Lower-Middle,2018-04-29,2018,4,17,9.08,8.67,61.9,150.3,2582.0
2431,NGA,Nigeria,Africa,Lower-Middle,2018-05-06,2018,5,18,9.08,8.67,48.4,174.4,2586.0
2432,NGA,Nigeria,Africa,Lower-Middle,2018-05-13,2018,5,19,9.08,8.67,42.5,90.3,2586.0
2433,NGA,Nigeria,Africa,Lower-Middle,2018-05-20,2018,5,20,9.08,8.67,58.6,108.6,2586.0
2434,NGA,Nigeria,Africa,Lower-Middle,2018-05-27,2018,5,21,9.08,8.67,60.7,156.5,2586.0
2435,NGA,Nigeria,Africa,Lower-Middle,2018-06-03,2018,6,22,9.08,8.67,44.2,98.3,2590.0
2436,NGA,Nigeria,Africa,Lower-Middle,2018-06-10,2018,6,23,9.08,8.67,31.6,85.6,2590.0
2437,NGA,Nigeria,Africa,Lower-Middle,2018-06-17,2018,6,24,9.08,8.67,1.4,163.6,2590.0
2438,NGA,Nigeria,Africa,Lower-Middle,2018-06-24,2018,6,25,9.08,8.67,23.2,63.1,2590.0
2439,NGA,Nigeria,Africa,Lower-Middle,2018-07-01,2018,7,26,9.08,8.67,6.7,72.9,2594.0
2440,NGA,Nigeria,Africa,Lower-Middle,2018-07-08,2018,7,27,9.08,8.67,12.5,104.5,2594.0
2441,NGA,Nigeria,Africa,Lower-Middle,2018-07-15,2018,7,28,9.08,8.67,8.9,22.5,2594.0
2442,NGA,Nigeria,Africa,Lower-Middle,2018-07-22,2018,7,29,9.08,8.67,0.0,75.4,2594.0
2443,NGA,Nigeria,Africa,Lower-Middle,2018-07-29,2018,7,30,9.08,8.67,9.5,67.0,2594.0
2444,NGA,Nigeria,Africa,Lower-Middle,2018-08-05,2018,8,31,9.08,8.67,5.4,56.7,2598.0
2445,NGA,Nigeria,Africa,Lower-Middle,2018-08-12,2018,8,32,9.08,8.67,1.4,61.5,2598.0
2446,NGA,Nigeria,Africa,Lower-Middle,2018-08-19,2018,8,33,9.08,8.67,5.7,49.7,2598.0
2447,NGA,Nigeria,Africa,Lower-Middle,2018-08-26,2018,8,34,9.08,8.67,2.5,80.6,2598.0
2448,NGA,Nigeria,Africa,Lower-Middle,2018-09-02,2018,9,35,9.08,8.67,2.3,37.9,2602.0
2449,NGA,Nigeria,Africa,Lower-Middle,2018-09-09,2018,9,36,9.08,8.67,2.6,61.5,2602.0
2450,NGA,Nigeria,Africa,Lower-Middle,2018-09-16,2018,9,37,9.08,8.67,10.4,75.6,2602.0
2451,NGA,Nigeria,Africa,Lower-Middle,2018-09-23,2018,9,38,9.08,8.67,6.4,71.1,2602.0
2452,NGA,Nigeria,Africa,Lower-Middle,2018-09-30,2018,9,39,9.08,8.67,4.4,53.1,2602.0
2453,NGA,Nigeria,Africa,Lower-Middle,2018-10-07,2018,10,40,9.08,8.67,4.3,24.0,2606.0
2454,NGA,Nigeria,Africa,Lower-Middle,2018-10-14,2018,10,41,9.08,8.67,5.4,88.1,2606.0
2455,NGA,Nigeria,Africa,Lower-Middle,2018-10-21,2018,10,42,9.08,8.67,3.5,49.8,2606.0
2456,NGA,Nigeria,Africa,Lower-Middle,2018-10-28,2018,10,43,9.08,8.67,4.9,26.8,2606.0
2457,NGA,Nigeria,Africa,Lower-Middle,2018-11-04,2018,11,44,9.08,8.67,6.7,29.8,2610.0
2458,NGA,Nigeria,Africa,Lower-Middle,2018-11-11,2018,11,45,9.08,8.67,1.5,62.9,2610.0
2459,NGA,Nigeria,Africa,Lower-Middle,2018-11-18,2018,11,46,9.08,8.67,7.0,63.6,2610.0
2460,NGA,Nigeria,Africa,Lower-Middle,2018-11-25,2018,11,47,9.08,8.67,3.0,116.0,2610.0
2461,NGA,Nigeria,Africa,Lower-Middle,2018-12-02,2018,12,48,9.08,8.67,4.0,95.8,2614.0
2462,NGA,Nigeria,Africa,Lower-Middle,2018-12-09,2018,12,49,9.08,8.67,2.9,57.9,2614.0
2463,NGA,Nigeria,Africa,Lower-Middle,2018-12-16,2018,12,50,9.08,8.67,9.7,45.3,2614.0
2464,NGA,Nigeria,Africa,Lower-Middle,2018-12-23,2018,12,51,9.08,8.67,8.4,92.7,2614.0
2465,NGA,Nigeria,Africa,Lower-Middle,2018-12-30,2018,12,52,9.08,8.67,8.4,69.9,2614.0
2466,NGA,Nigeria,Africa,Lower-Middle,2019-01-06,2019,1,1,9.08,8.67,17.9,85.9,2618.0
2467,NGA,Nigeria,Africa,Lower-Middle,2019-01-13,2019,1,2,9.08,8.67,51.6,146.6,2618.0
2468,NGA,Nigeria,Africa,Lower-Middle,2019-01-20,2019,1,3,9.08,8.67,50.7,122.5,2618.0
2469,NGA,Nigeria,Africa,Lower-Middle,2019-01-27,2019,1,4,9.08,8.67,47.1,116.4,2618.0
2470,NGA,Nigeria,Africa,Lower-Middle,2019-02-03,2019,2,5,9.08,8.67,43.8,110.1,2622.0
2471,NGA,Nigeria,Africa,Lower-Middle,2019-02-10,2019,2,6,9.08,8.67,55.5,158.3,2622.0
2472,NGA,Nigeria,Africa,Lower-Middle,2019-02-17,2019,2,7,9.08,8.67,42.6,120.5,2622.0
2473,NGA,Nigeria,Africa,Lower-Middle,2019-02-24,2019,2,8,9.08,8.67,55.7,87.3,2622.0
2474,NGA,Nigeria,Africa,Lower-Middle,2019-03-03,2019,3,9,9.08,8.67,39.0,116.5,2626.0
2475,NGA,Nigeria,Africa,Lower-Middle,2019-03-10,2019,3,10,9.08,8.67,42.7,145.7,2626.0
2476,NGA,Nigeria,Africa,Lower-Middle,2019-03-17,2019,3,11,9.08,8.67,47.1,97.2,2626.0
2477,NGA,Nigeria,Africa,Lower-Middle,2019-03-24,2019,3,12,9.08,8.67,43.1,123.5,2626.0
2478,NGA,Nigeria,Africa,Lower-Middle,2019-03-31,2019,3,13,9.08,8.67,25.2,90.9,2626.0
2479,NGA,Nigeria,Africa,Lower-Middle,2019-04-07,2019,4,14,9.08,8.67,58.2,183.2,2630.0
2480,NGA,Nigeria,Africa,Lower-Middle,2019-04-14,2019,4,15,9.08,8.67,56.0,96.7,2630.0
2481,NGA,Nigeria,Africa,Lower-Middle,2019-04-21,2019,4,16,9.08,8.67,51.9,122.8,2630.0
2482,NGA,Nigeria,Africa,Lower-Middle,2019-04-28,2019,4,17,9.08,8.67,58.3,165.9,2630.0
2483,NGA,Nigeria,Africa,Lower-Middle,2019-05-05,2019,5,18,9.08,8.67,54.3,85.5,2634.0
2484,NGA,Nigeria,Africa,Lower-Middle,2019-05-12,2019,5,19,9.08,8.67,57.4,132.8,2634.0
2485,NGA,Nigeria,Africa,Lower-Middle,2019-05-19,2019,5,20,9.08,8.67,42.9,123.9,2634.0
2486,NGA,Nigeria,Africa,Lower-Middle,2019-05-26,2019,5,21,9.08,8.67,66.3,134.2,2634.0
2487,NGA,Nigeria,Africa,Lower-Middle,2019-06-02,2019,6,22,9.08,8.67,51.3,103.5,2639.0
2488,NGA,Nigeria,Africa,Lower-Middle,2019-06-09,2019,6,23,9.08,8.67,45.5,101.7,2639.0
2489,NGA,Nigeria,Africa,Lower-Middle,2019-06-16,2019,6,24,9.08,8.67,54.8,104.7,2639.0
2490,NGA,Nigeria,Africa,Lower-Middle,2019-06-23,2019,6,25,9.08,8.67,22.7,123.6,2639.0
2491,NGA,Nigeria,Africa,Lower-Middle,2019-06-30,2019,6,26,9.08,8.67,13.3,49.4,2639.0
2492,NGA,Nigeria,Africa,Lower-Middle,2019-07-07,2019,7,27,9.08,8.67,3.2,89.5,2643.0
2493,NGA,Nigeria,Africa,Lower-Middle,2019-07-14,2019,7,28,9.08,8.67,10.2,108.4,2643.0
2494,NGA,Nigeria,Africa,Lower-Middle,2019-07-21,2019,7,29,9.08,8.67,11.7,43.2,2643.0
2495,NGA,Nigeria,Africa,Lower-Middle,2019-07-28,2019,7,30,9.08,8.67,10.6,132.8,2643.0
2496,NGA,Nigeria,Africa,Lower-Middle,2019-08-04,2019,8,31,9.08,8.67,5.5,33.4,2647.0
2497,NGA,Nigeria,Africa,Lower-Middle,2019-08-11,2019,8,32,9.08,8.67,4.8,71.5,2647.0
2498,NGA,Nigeria,Africa,Lower-Middle,2019-08-18,2019,8,33,9.08,8.67,0.0,22.1,2647.0
2499,NGA,Nigeria,Africa,Lower-Middle,2019-08-25,2019,8,34,9.08,8.67,5.1,70.1,2647.0
2500,NGA,Nigeria,Africa,Lower-Middle,2019-09-01,2019,9,35,9.08,8.67,9.8,46.7,2651.0
2501,NGA,Nigeria,Africa,Lower-Middle,2019-09-08,2019,9,36,9.08,8.67,0.6,67.9,2651.0
2502,NGA,Nigeria,Africa,Lower-Middle,2019-09-15,2019,9,37,9.08,8.67,5.3,99.1,2651.0
2503,NGA,Nigeria,Africa,Lower-Middle,2019-09-22,2019,9,38,9.08,8.67,6.4,12.2,2651.0
2504,NGA,Nigeria,Africa,Lower-Middle,2019-09-29,2019,9,39,9.08,8.67,7.9,69.7,2651.0
2505,NGA,Nigeria,Africa,Lower-Middle,2019-10-06,2019,10,40,9.08,8.67,4.4,0.0,2655.0
2506,NGA,Nigeria,Africa,Lower-Middle,2019-10-13,2019,10,41,9.08,8.67,12.3,1.7,2655.0
2507,NGA,Nigeria,Africa,Lower-Middle,2019-10-20,2019,10,42,9.08,8.67,5.7,46.0,2655.0
2508,NGA,Nigeria,Africa,Lower-Middle,2019-10-27,2019,10,43,9.08,8.67,3.5,0.0,2655.0
2509,NGA,Nigeria,Africa,Lower-Middle,2019-11-03,2019,11,44,9.08,8.67,8.4,22.2,2659.0
2510,NGA,Nigeria,Africa,Lower-Middle,2019-11-10,2019,11,45,9.08,8.67,9.7,73.1,2659.0
2511,NGA,Nigeria,Africa,Lower-Middle,2019-11-17,2019,11,46,9.08,8.67,7.6,41.8,2659.0
2512,NGA,Nigeria,Africa,Lower-Middle,2019-11-24,2019,11,47,9.08,8.67,1.9,49.4,2659.0
2513,NGA,Nigeria,Africa,Lower-Middle,2019-12-01,2019,12,48,9.08,8.67,4.6,69.3,2663.0
2514,NGA,Nigeria,Africa,Lower-Middle,2019-12-08,2019,12,49,9.08,8.67,5.9,58.2,2663.0
2515,NGA,Nigeria,Africa,Lower-Middle,2019-12-15,2019,12,50,9.08,8.67,8.8,19.2,2663.0
2516,NGA,Nigeria,Africa,Lower-Middle,2019-12-22,2019,12,51,9.08,8.67,0.0,57.8,2663.0
2517,NGA,Nigeria,Africa,Lower-Middle,2019-12-29,2019,12,52,9.08,8.67,0.0,68.2,2663.0
2518,NGA,Nigeria,Africa,Lower-Middle,2020-01-05,2020,1,1,9.08,8.67,33.9,73.5,2667.0
2519,NGA,Nigeria,Africa,Lower-Middle,2020-01-12,2020,1,2,9.08,8.67,18.3,70.7,2667.0
2520,NGA,Nigeria,Africa,Lower-Middle,2020-01-19,2020,1,3,9.08,8.67,30.2,100.7,2667.0
2521,NGA,Nigeria,Africa,Lower-Middle,2020-01-26,2020,1,4,9.08,8.67,1.9,103.2,2667.0
2522,NGA,Nigeria,Africa,Lower-Middle,2020-02-02,2020,2,5,9.08,8.67,68.6,101.7,2671.0
2523,NGA,Nigeria,Africa,Lower-Middle,2020-02-09,2020,2,6,9.08,8.67,52.7,115.9,2671.0
2524,NGA,Nigeria,Africa,Lower-Middle,2020-02-16,2020,2,7,9.08,8.67,44.9,121.8,2671.0
2525,NGA,Nigeria,Africa,Lower-Middle,2020-02-23,2020,2,8,9.08,8.67,66.7,99.5,2671.0
2526,NGA,Nigeria,Africa,Lower-Middle,2020-03-01,2020,3,9,9.08,8.67,49.9,113.0,2675.0
2527,NGA,Nigeria,Africa,Lower-Middle,2020-03-08,2020,3,10,9.08,8.67,53.7,128.0,2675.0
2528,NGA,Nigeria,Africa,Lower-Middle,2020-03-15,2020,3,11,9.08,8.67,45.6,142.4,2675.0
2529,NGA,Nigeria,Africa,Lower-Middle,2020-03-22,2020,3,12,9.08,8.67,37.8,95.7,2675.0
2530,NGA,Nigeria,Africa,Lower-Middle,2020-03-29,2020,3,13,9.08,8.67,72.0,133.7,2675.0
2531,NGA,Nigeria,Africa,Lower-Middle,2020-04-05,2020,4,14,9.08,8.67,52.5,100.2,2679.0
2532,NGA,Nigeria,Africa,Lower-Middle,2020-04-12,2020,4,15,9.08,8.67,52.3,44.5,2679.0
2533,NGA,Nigeria,Africa,Lower-Middle,2020-04-19,2020,4,16,9.08,8.67,26.7,96.8,2679.0
2534,NGA,Nigeria,Africa,Lower-Middle,2020-04-26,2020,4,17,9.08,8.67,60.8,133.4,2679.0
2535,NGA,Nigeria,Africa,Lower-Middle,2020-05-03,2020,5,18,9.08,8.67,54.8,148.3,2683.0
2536,NGA,Nigeria,Africa,Lower-Middle,2020-05-10,2020,5,19,9.08,8.67,52.9,122.6,2683.0
2537,NGA,Nigeria,Africa,Lower-Middle,2020-05-17,2020,5,20,9.08,8.67,58.7,106.0,2683.0
2538,NGA,Nigeria,Africa,Lower-Middle,2020-05-24,2020,5,21,9.08,8.67,30.3,53.3,2683.0
2539,NGA,Nigeria,Africa,Lower-Middle,2020-05-31,2020,5,22,9.08,8.67,36.3,91.6,2683.0
2540,NGA,Nigeria,Africa,Lower-Middle,2020-06-07,2020,6,23,9.08,8.67,24.3,123.2,2687.0
2541,NGA,Nigeria,Africa,Lower-Middle,2020-06-14,2020,6,24,9.08,8.67,32.8,100.0,2687.0
2542,NGA,Nigeria,Africa,Lower-Middle,2020-06-21,2020,6,25,9.08,8.67,28.7,88.9,2687.0
2543,NGA,Nigeria,Africa,Lower-Middle,2020-06-28,2020,6,26,9.08,8.67,7.4,62.6,2687.0
2544,NGA,Nigeria,Africa,Lower-Middle,2020-07-05,2020,7,27,9.08,8.67,7.5,36.9,2691.0
2545,NGA,Nigeria,Africa,Lower-Middle,2020-07-12,2020,7,28,9.08,8.67,4.7,76.0,2691.0
2546,NGA,Nigeria,Africa,Lower-Middle,2020-07-19,2020,7,29,9.08,8.67,3.1,87.9,2691.0
2547,NGA,Nigeria,Africa,Lower-Middle,2020-07-26,2020,7,30,9.08,8.67,6.2,68.6,2691.0
2548,NGA,Nigeria,Africa,Lower-Middle,2020-08-02,2020,8,31,9.08,8.67,0.9,51.8,2695.0
2549,NGA,Nigeria,Africa,Lower-Middle,2020-08-09,2020,8,32,9.08,8.67,4.5,3.0,2695.0
2550,NGA,Nigeria,Africa,Lower-Middle,2020-08-16,2020,8,33,9.08,8.67,7.0,87.7,2695.0
2551,NGA,Nigeria,Africa,Lower-Middle,2020-08-23,2020,8,34,9.08,8.67,0.0,10.8,2695.0
2552,NGA,Nigeria,Africa,Lower-Middle,2020-08-30,2020,8,35,9.08,8.67,7.3,44.2,2695.0
2553,NGA,Nigeria,Africa,Lower-Middle,2020-09-06,2020,9,36,9.08,8.67,6.0,52.5,2699.0
2554,NGA,Nigeria,Africa,Lower-Middle,2020-09-13,2020,9,37,9.08,8.67,0.0,7.5,2699.0
2555,NGA,Nigeria,Africa,Lower-Middle,2020-09-20,2020,9,38,9.08,8.67,10.2,86.6,2699.0
2556,NGA,Nigeria,Africa,Lower-Middle,2020-09-27,2020,9,39,9.08,8.67,4.0,27.9,2699.0
2557,NGA,Nigeria,Africa,Lower-Middle,2020-10-04,2020,10,40,9.08,8.67,6.7,67.0,2703.0
2558,NGA,Nigeria,Africa,Lower-Middle,2020-10-11,2020,10,41,9.08,8.67,5.7,43.1,2703.0
2559,NGA,Nigeria,Africa,Lower-Middle,2020-10-18,2020,10,42,9.08,8.67,4.9,86.3,2703.0
2560,NGA,Nigeria,Africa,Lower-Middle,2020-10-25,2020,10,43,9.08,8.67,4.1,11.9,2703.0
2561,NGA,Nigeria,Africa,Lower-Middle,2020-11-01,2020,11,44,9.08,8.67,6.5,41.4,2707.0
2562,NGA,Nigeria,Africa,Lower-Middle,2020-11-08,2020,11,45,9.08,8.67,3.6,70.5,2707.0
2563,NGA,Nigeria,Africa,Lower-Middle,2020-11-15,2020,11,46,9.08,8.67,4.8,21.5,2707.0
2564,NGA,Nigeria,Africa,Lower-Middle,2020-11-22,2020,11,47,9.08,8.67,3.3,51.9,2707.0
2565,NGA,Nigeria,Africa,Lower-Middle,2020-11-29,2020,11,48,9.08,8.67,0.0,66.1,2707.0
2566,NGA,Nigeria,Africa,Lower-Middle,2020-12-06,2020,12,49,9.08,8.67,34.5,109.5,2711.0
2567,NGA,Nigeria,Africa,Lower-Middle,2020-12-13,2020,12,50,9.08,8.67,3.0,71.8,2711.0
2568,NGA,Nigeria,Africa,Lower-Middle,2020-12-20,2020,12,51,9.08,8.67,6.6,70.2,2711.0
2569,NGA,Nigeria,Africa,Lower-Middle,2020-12-27,2020,12,52,9.08,8.67,24.2,38.5,2711.0
2570,NGA,Nigeria,Africa,Lower-Middle,2021-01-03,2021,1,53,9.08,8.67,26.4,83.5,2715.0
2571,NGA,Nigeria,Africa,Lower-Middle,2021-01-10,2021,1,1,9.08,8.67,25.1,54.4,2715.0
2572,NGA,Nigeria,Africa,Lower-Middle,2021-01-17,2021,1,2,9.08,8.67,29.6,130.5,2715.0
2573,NGA,Nigeria,Africa,Lower-Middle,2021-01-24,2021,1,3,9.08,8.67,8.3,105.4,2715.0
2574,NGA,Nigeria,Africa,Lower-Middle,2021-01-31,2021,1,4,9.08,8.67,67.8,186.2,2715.0
2575,NGA,Nigeria,Africa,Lower-Middle,2021-02-07,2021,2,5,9.08,8.67,71.1,79.8,2719.0
2576,NGA,Nigeria,Africa,Lower-Middle,2021-02-14,2021,2,6,9.08,8.67,40.8,82.0,2719.0
2577,NGA,Nigeria,Africa,Lower-Middle,2021-02-21,2021,2,7,9.08,8.67,46.2,68.0,2719.0
2578,NGA,Nigeria,Africa,Lower-Middle,2021-02-28,2021,2,8,9.08,8.67,60.9,162.0,2719.0
2579,NGA,Nigeria,Africa,Lower-Middle,2021-03-07,2021,3,9,9.08,8.67,38.6,101.8,2723.0
2580,NGA,Nigeria,Africa,Lower-Middle,2021-03-14,2021,3,10,9.08,8.67,64.5,104.8,2723.0
2581,NGA,Nigeria,Africa,Lower-Middle,2021-03-21,2021,3,11,9.08,8.67,54.5,185.5,2723.0
2582,NGA,Nigeria,Africa,Lower-Middle,2021-03-28,2021,3,12,9.08,8.67,60.4,156.3,2723.0
2583,NGA,Nigeria,Africa,Lower-Middle,2021-04-04,2021,4,13,9.08,8.67,58.6,139.9,2727.0
2584,NGA,Nigeria,Africa,Lower-Middle,2021-04-11,2021,4,14,9.08,8.67,37.5,106.2,2727.0
2585,NGA,Nigeria,Africa,Lower-Middle,2021-04-18,2021,4,15,9.08,8.67,69.2,142.1,2727.0
2586,NGA,Nigeria,Africa,Lower-Middle,2021-04-25,2021,4,16,9.08,8.67,60.3,108.7,2727.0
2587,NGA,Nigeria,Africa,Lower-Middle,2021-05-02,2021,5,17,9.08,8.67,39.5,109.7,2731.0
2588,NGA,Nigeria,Africa,Lower-Middle,2021-05-09,2021,5,18,9.08,8.67,44.2,92.1,2731.0
2589,NGA,Nigeria,Africa,Lower-Middle,2021-05-16,2021,5,19,9.08,8.67,30.3,77.1,2731.0
2590,NGA,Nigeria,Africa,Lower-Middle,2021-05-23,2021,5,20,9.08,8.67,38.0,84.8,2731.0
2591,NGA,Nigeria,Africa,Lower-Middle,2021-05-30,2021,5,21,9.08,8.67,19.4,88.9,2731.0
2592,NGA,Nigeria,Africa,Lower-Middle,2021-06-06,2021,6,22,9.08,8.67,41.5,63.0,2735.0
2593,NGA,Nigeria,Africa,Lower-Middle,2021-06-13,2021,6,23,9.08,8.67,34.9,73.3,2735.0
2594,NGA,Nigeria,Africa,Lower-Middle,2021-06-20,2021,6,24,9.08,8.67,29.2,78.6,2735.0
2595,NGA,Nigeria,Africa,Lower-Middle,2021-06-27,2021,6,25,9.08,8.67,1.0,95.7,2735.0
2596,NGA,Nigeria,Africa,Lower-Middle,2021-07-04,2021,7,26,9.08,8.67,4.3,124.0,2739.0
2597,NGA,Nigeria,Africa,Lower-Middle,2021-07-11,2021,7,27,9.08,8.67,6.5,63.8,2739.0
2598,NGA,Nigeria,Africa,Lower-Middle,2021-07-18,2021,7,28,9.08,8.67,3.5,23.3,2739.0
2599,NGA,Nigeria,Africa,Lower-Middle,2021-07-25,2021,7,29,9.08,8.67,7.2,63.1,2739.0
2600,NGA,Nigeria,Africa,Lower-Middle,2021-08-01,2021,8,30,9.08,8.67,0.0,74.5,2743.0
2601,NGA,Nigeria,Africa,Lower-Middle,2021-08-08,2021,8,31,9.08,8.67,5.3,72.4,2743.0
2602,NGA,Nigeria,Africa,Lower-Middle,2021-08-15,2021,8,32,9.08,8.67,8.4,70.7,2743.0
2603,NGA,Nigeria,Africa,Lower-Middle,2021-08-22,2021,8,33,9.08,8.67,9.8,0.0,2743.0
2604,NGA,Nigeria,Africa,Lower-Middle,2021-08-29,2021,8,34,9.08,8.67,7.0,11.8,2743.0
2605,NGA,Nigeria,Africa,Lower-Middle,2021-09-05,2021,9,35,9.08,8.67,2.7,0.0,2747.0
2606,NGA,Nigeria,Africa,Lower-Middle,2021-09-12,2021,9,36,9.08,8.67,7.5,0.0,2747.0
2607,NGA,Nigeria,Africa,Lower-Middle,2021-09-19,2021,9,37,9.08,8.67,7.0,68.2,2747.0
2608,NGA,Nigeria,Africa,Lower-Middle,2021-09-26,2021,9,38,9.08,8.67,1.5,65.1,2747.0
2609,NGA,Nigeria,Africa,Lower-Middle,2021-10-03,2021,10,39,9.08,8.67,7.1,78.2,2751.0
2610,NGA,Nigeria,Africa,Lower-Middle,2021-10-10,2021,10,40,9.08,8.67,1.2,16.0,2751.0
2611,NGA,Nigeria,Africa,Lower-Middle,2021-10-17,2021,10,41,9.08,8.67,9.6,9.4,2751.0
2612,NGA,Nigeria,Africa,Lower-Middle,2021-10-24,2021,10,42,9.08,8.67,0.0,57.8,2751.0
2613,NGA,Nigeria,Africa,Lower-Middle,2021-10-31,2021,10,43,9.08,8.67,6.7,21.7,2751.0
2614,NGA,Nigeria,Africa,Lower-Middle,2021-11-07,2021,11,44,9.08,8.67,7.3,80.7,2756.0
2615,NGA,Nigeria,Africa,Lower-Middle,2021-11-14,2021,11,45,9.08,8.67,5.1,54.8,2756.0
2616,NGA,Nigeria,Africa,Lower-Middle,2021-11-21,2021,11,46,9.08,8.67,7.1,19.1,2756.0
2617,NGA,Nigeria,Africa,Lower-Middle,2021-11-28,2021,11,47,9.08,8.67,5.4,42.5,2756.0
2618,NGA,Nigeria,Africa,Lower-Middle,2021-12-05,2021,12,48,9.08,8.67,0.3,34.6,2760.0
2619,NGA,Nigeria,Africa,Lower-Middle,2021-12-12,2021,12,49,9.08,8.67,5.6,89.2,2760.0
2620,NGA,Nigeria,Africa,Lower-Middle,2021-12-19,2021,12,50,9.08,8.67,5.6,132.4,2760.0
2621,NGA,Nigeria,Africa,Lower-Middle,2021-12-26,2021,12,51,9.08,8.67,2.7,25.2,2760.0
2622,NGA,Nigeria,Africa,Lower-Middle,2022-01-02,2022,1,52,9.08,8.67,20.5,54.4,2764.0
2623,NGA,Nigeria,Africa,Lower-Middle,2022-01-09,2022,1,1,9.08,8.67,35.5,34.4,2764.0
2624,NGA,Nigeria,Africa,Lower-Middle,2022-01-16,2022,1,2,9.08,8.67,41.5,95.1,2764.0
2625,NGA,Nigeria,Africa,Lower-Middle,2022-01-23,2022,1,3,9.08,8.67,44.6,114.0,2764.0
2626,NGA,Nigeria,Africa,Lower-Middle,2022-01-30,2022,1,4,9.08,8.67,8.8,85.4,2764.0
2627,NGA,Nigeria,Africa,Lower-Middle,2022-02-06,2022,2,5,9.08,8.67,44.0,90.5,2768.0
2628,NGA,Nigeria,Africa,Lower-Middle,2022-02-13,2022,2,6,9.08,8.67,45.2,91.2,2768.0
2629,NGA,Nigeria,Africa,Lower-Middle,2022-02-20,2022,2,7,9.08,8.67,61.0,139.2,2768.0
2630,NGA,Nigeria,Africa,Lower-Middle,2022-02-27,2022,2,8,9.08,8.67,41.6,70.0,2768.0
2631,NGA,Nigeria,Africa,Lower-Middle,2022-03-06,2022,3,9,9.08,8.67,40.6,107.1,2772.0
2632,NGA,Nigeria,Africa,Lower-Middle,2022-03-13,2022,3,10,9.08,8.67,61.6,131.5,2772.0
2633,NGA,Nigeria,Africa,Lower-Middle,2022-03-20,2022,3,11,9.08,8.67,57.7,117.1,2772.0
2634,NGA,Nigeria,Africa,Lower-Middle,2022-03-27,2022,3,12,9.08,8.67,96.2,172.7,2772.0
2635,NGA,Nigeria,Africa,Lower-Middle,2022-04-03,2022,4,13,9.08,8.67,68.6,132.2,2776.0
2636,NGA,Nigeria,Africa,Lower-Middle,2022-04-10,2022,4,14,9.08,8.67,44.5,85.9,2776.0
2637,NGA,Nigeria,Africa,Lower-Middle,2022-04-17,2022,4,15,9.08,8.67,41.2,81.5,2776.0
2638,NGA,Nigeria,Africa,Lower-Middle,2022-04-24,2022,4,16,9.08,8.67,62.1,134.3,2776.0
2639,NGA,Nigeria,Africa,Lower-Middle,2022-05-01,2022,5,17,9.08,8.67,59.0,189.3,2780.0
2640,NGA,Nigeria,Africa,Lower-Middle,2022-05-08,2022,5,18,9.08,8.67,59.4,140.1,2780.0
2641,NGA,Nigeria,Africa,Lower-Middle,2022-05-15,2022,5,19,9.08,8.67,47.2,116.9,2780.0
2642,NGA,Nigeria,Africa,Lower-Middle,2022-05-22,2022,5,20,9.08,8.67,33.0,113.3,2780.0
2643,NGA,Nigeria,Africa,Lower-Middle,2022-05-29,2022,5,21,9.08,8.67,39.3,69.2,2780.0
2644,NGA,Nigeria,Africa,Lower-Middle,2022-06-05,2022,6,22,9.08,8.67,46.7,65.2,2784.0
2645,NGA,Nigeria,Africa,Lower-Middle,2022-06-12,2022,6,23,9.08,8.67,30.7,108.5,2784.0
2646,NGA,Nigeria,Africa,Lower-Middle,2022-06-19,2022,6,24,9.08,8.67,46.4,147.4,2784.0
2647,NGA,Nigeria,Africa,Lower-Middle,2022-06-26,2022,6,25,9.08,8.67,8.9,72.7,2784.0
2648,NGA,Nigeria,Africa,Lower-Middle,2022-07-03,2022,7,26,9.08,8.67,31.2,113.0,2788.0
2649,NGA,Nigeria,Africa,Lower-Middle,2022-07-10,2022,7,27,9.08,8.67,3.4,97.8,2788.0
2650,NGA,Nigeria,Africa,Lower-Middle,2022-07-17,2022,7,28,9.08,8.67,2.5,19.2,2788.0
2651,NGA,Nigeria,Africa,Lower-Middle,2022-07-24,2022,7,29,9.08,8.67,5.9,74.2,2788.0
2652,NGA,Nigeria,Africa,Lower-Middle,2022-07-31,2022,7,30,9.08,8.67,4.6,90.9,2788.0
2653,NGA,Nigeria,Africa,Lower-Middle,2022-08-07,2022,8,31,9.08,8.67,7.8,59.1,2792.0
2654,NGA,Nigeria,Africa,Lower-Middle,2022-08-14,2022,8,32,9.08,8.67,4.8,7.3,2792.0
2655,NGA,Nigeria,Africa,Lower-Middle,2022-08-21,2022,8,33,9.08,8.67,6.8,26.7,2792.0
2656,NGA,Nigeria,Africa,Lower-Middle,2022-08-28,2022,8,34,9.08,8.67,3.2,47.2,2792.0
2657,NGA,Nigeria,Africa,Lower-Middle,2022-09-04,2022,9,35,9.08,8.67,4.7,36.2,2796.0
2658,NGA,Nigeria,Africa,Lower-Middle,2022-09-11,2022,9,36,9.08,8.67,5.6,38.4,2796.0
2659,NGA,Nigeria,Africa,Lower-Middle,2022-09-18,2022,9,37,9.08,8.67,2.0,53.0,2796.0
2660,NGA,Nigeria,Africa,Lower-Middle,2022-09-25,2022,9,38,9.08,8.67,10.4,96.0,2796.0
2661,NGA,Nigeria,Africa,Lower-Middle,2022-10-02,2022,10,39,9.08,8.67,7.5,30.8,2800.0
2662,NGA,Nigeria,Africa,Lower-Middle,2022-10-09,2022,10,40,9.08,8.67,2.9,52.1,2800.0
2663,NGA,Nigeria,Africa,Lower-Middle,2022-10-16,2022,10,41,9.08,8.67,6.3,68.4,2800.0
2664,NGA,Nigeria,Africa,Lower-Middle,2022-10-23,2022,10,42,9.08,8.67,1.0,61.1,2800.0
2665,NGA,Nigeria,Africa,Lower-Middle,2022-10-30,2022,10,43,9.08,8.67,4.6,32.3,2800.0
2666,NGA,Nigeria,Africa,Lower-Middle,2022-11-06,2022,11,44,9.08,8.67,0.9,22.4,2804.0
2667,NGA,Nigeria,Africa,Lower-Middle,2022-11-13,2022,11,45,9.08,8.67,11.5,36.6,2804.0
2668,NGA,Nigeria,Africa,Lower-Middle,2022-11-20,2022,11,46,9.08,8.67,0.0,44.1,2804.0
2669,NGA,Nigeria,Africa,Lower-Middle,2022-11-27,2022,11,47,9.08,8.67,5.4,69.4,2804.0
2670,NGA,Nigeria,Africa,Lower-Middle,2022-12-04,2022,12,48,9.08,8.67,2.4,57.3,2808.0
2671,NGA,Nigeria,Africa,Lower-Middle,2022-12-11,2022,12,49,9.08,8.67,0.0,125.5,2808.0
2672,NGA,Nigeria,Africa,Lower-Middle,2022-12-18,2022,12,50,9.08,8.67,6.6,59.1,2808.0
2673,NGA,Nigeria,Africa,Lower-Middle,2022-12-25,2022,12,51,9.08,8.67,22.0,65.7,2808.0
2674,NGA,Nigeria,Africa,Lower-Middle,2023-01-01,2023,1,52,9.08,8.67,6.2,91.4,2812.0
2675,NGA,Nigeria,Africa,Lower-Middle,2023-01-08,2023,1,1,9.08,8.67,47.8,51.7,2812.0
2676,NGA,Nigeria,Africa,Lower-Middle,2023-01-15,2023,1,2,9.08,8.67,43.2,56.9,2812.0
2677,NGA,Nigeria,Africa,Lower-Middle,2023-01-22,2023,1,3,9.08,8.67,60.7,29.0,2812.0
2678,NGA,Nigeria,Africa,Lower-Middle,2023-01-29,2023,1,4,9.08,8.67,25.4,84.9,2812.0
2679,NGA,Nigeria,Africa,Lower-Middle,2023-02-05,2023,2,5,9.08,8.67,30.1,79.9,2816.0
2680,NGA,Nigeria,Africa,Lower-Middle,2023-02-12,2023,2,6,9.08,8.67,57.3,113.7,2816.0
2681,NGA,Nigeria,Africa,Lower-Middle,2023-02-19,2023,2,7,9.08,8.67,60.7,129.4,2816.0
2682,NGA,Nigeria,Africa,Lower-Middle,2023-02-26,2023,2,8,9.08,8.67,38.6,80.5,2816.0
2683,NGA,Nigeria,Africa,Lower-Middle,2023-03-05,2023,3,9,9.08,8.67,57.6,121.3,2820.0
2684,NGA,Nigeria,Africa,Lower-Middle,2023-03-12,2023,3,10,9.08,8.67,43.3,179.7,2820.0
2685,NGA,Nigeria,Africa,Lower-Middle,2023-03-19,2023,3,11,9.08,8.67,50.3,126.0,2820.0
2686,NGA,Nigeria,Africa,Lower-Middle,2023-03-26,2023,3,12,9.08,8.67,44.2,124.5,2820.0
2687,NGA,Nigeria,Africa,Lower-Middle,2023-04-02,2023,4,13,9.08,8.67,64.4,59.0,2824.0
2688,NGA,Nigeria,Africa,Lower-Middle,2023-04-09,2023,4,14,9.08,8.67,59.8,99.6,2824.0
2689,NGA,Nigeria,Africa,Lower-Middle,2023-04-16,2023,4,15,9.08,8.67,45.5,99.3,2824.0
2690,NGA,Nigeria,Africa,Lower-Middle,2023-04-23,2023,4,16,9.08,8.67,53.7,78.0,2824.0
2691,NGA,Nigeria,Africa,Lower-Middle,2023-04-30,2023,4,17,9.08,8.67,35.7,103.7,2824.0
2692,NGA,Nigeria,Africa,Lower-Middle,2023-05-07,2023,5,18,9.08,8.67,46.9,143.6,2828.0
2693,NGA,Nigeria,Africa,Lower-Middle,2023-05-14,2023,5,19,9.08,8.67,26.9,144.4,2828.0
2694,NGA,Nigeria,Africa,Lower-Middle,2023-05-21,2023,5,20,9.08,8.67,32.1,81.8,2828.0
2695,NGA,Nigeria,Africa,Lower-Middle,2023-05-28,2023,5,21,9.08,8.67,32.9,82.1,2828.0
2696,NGA,Nigeria,Africa,Lower-Middle,2023-06-04,2023,6,22,9.08,8.67,36.1,87.6,2832.0
2697,NGA,Nigeria,Africa,Lower-Middle,2023-06-11,2023,6,23,9.08,8.67,50.6,160.8,2832.0
2698,NGA,Nigeria,Africa,Lower-Middle,2023-06-18,2023,6,24,9.08,8.67,23.8,64.9,2832.0
2699,NGA,Nigeria,Africa,Lower-Middle,2023-06-25,2023,6,25,9.08,8.67,45.4,120.4,2832.0
2700,NGA,Nigeria,Africa,Lower-Middle,2023-07-02,2023,7,26,9.08,8.67,44.7,159.7,2836.0
2701,NGA,Nigeria,Africa,Lower-Middle,2023-07-09,2023,7,27,9.08,8.67,4.4,39.2,2836.0
2702,NGA,Nigeria,Africa,Lower-Middle,2023-07-16,2023,7,28,9.08,8.67,7.1,60.6,2836.0
2703,NGA,Nigeria,Africa,Lower-Middle,2023-07-23,2023,7,29,9.08,8.67,30.0,27.0,2836.0
2704,NGA,Nigeria,Africa,Lower-Middle,2023-07-30,2023,7,30,9.08,8.67,5.5,79.0,2836.0
2705,NGA,Nigeria,Africa,Lower-Middle,2023-08-06,2023,8,31,9.08,8.67,4.8,43.4,2840.0
2706,NGA,Nigeria,Africa,Lower-Middle,2023-08-13,2023,8,32,9.08,8.67,3.0,24.6,2840.0
2707,NGA,Nigeria,Africa,Lower-Middle,2023-08-20,2023,8,33,9.08,8.67,2.4,50.7,2840.0
2708,NGA,Nigeria,Africa,Lower-Middle,2023-08-27,2023,8,34,9.08,8.67,0.7,0.0,2840.0
2709,NGA,Nigeria,Africa,Lower-Middle,2023-09-03,2023,9,35,9.08,8.67,3.5,44.8,2844.0
2710,NGA,Nigeria,Africa,Lower-Middle,2023-09-10,2023,9,36,9.08,8.67,0.7,65.9,2844.0
2711,NGA,Nigeria,Africa,Lower-Middle,2023-09-17,2023,9,37,9.08,8.67,2.8,1.0,2844.0
2712,NGA,Nigeria,Africa,Lower-Middle,2023-09-24,2023,9,38,9.08,8.67,3.0,70.5,2844.0
2713,NGA,Nigeria,Africa,Lower-Middle,2023-10-01,2023,10,39,9.08,8.67,9.9,106.8,2848.0
2714,NGA,Nigeria,Africa,Lower-Middle,2023-10-08,2023,10,40,9.08,8.67,0.4,37.2,2848.0
2715,NGA,Nigeria,Africa,Lower-Middle,2023-10-15,2023,10,41,9.08,8.67,1.0,57.2,2848.0
2716,NGA,Nigeria,Africa,Lower-Middle,2023-10-22,2023,10,42,9.08,8.67,9.3,105.5,2848.0
2717,NGA,Nigeria,Africa,Lower-Middle,2023-10-29,2023,10,43,9.08,8.67,10.7,16.5,2848.0
2718,NGA,Nigeria,Africa,Lower-Middle,2023-11-05,2023,11,44,9.08,8.67,2.7,66.7,2852.0
2719,NGA,Nigeria,Africa,Lower-Middle,2023-11-12,2023,11,45,9.08,8.67,4.9,48.8,2852.0
2720,NGA,Nigeria,Africa,Lower-Middle,2023-11-19,2023,11,46,9.08,8.67,9.3,7.8,2852.0
2721,NGA,Nigeria,Africa,Lower-Middle,2023-11-26,2023,11,47,9.08,8.67,10.1,96.0,2852.0
2722,NGA,Nigeria,Africa,Lower-Middle,2023-12-03,2023,12,48,9.08,8.67,3.9,84.6,2856.0
2723,NGA,Nigeria,Africa,Lower-Middle,2023-12-10,2023,12,49,9.08,8.67,2.8,82.2,2856.0
2724,NGA,Nigeria,Africa,Lower-Middle,2023-12-17,2023,12,50,9.08,8.67,5.6,70.1,2856.0
2725,NGA,Nigeria,Africa,Lower-Middle,2023-12-24,2023,12,51,9.08,8.67,2.4,54.2,2856.0
2726,NGA,Nigeria,Africa,Lower-Middle,2023-12-31,2023,12,52,9.08,8.67,5.8,107.8,2856.0
2727,NGA,Nigeria,Africa,Lower-Middle,2024-01-07,2024,1,1,9.08,8.67,38.0,96.1,2860.0
2728,NGA,Nigeria,Africa,Lower-Middle,2024-01-14,2024,1,2,9.08,8.67,40.0,88.3,2860.0
2729,NGA,Nigeria,Africa,Lower-Middle,2024-01-21,2024,1,3,9.08,8.67,51.2,127.0,2860.0
2730,NGA,Nigeria,Africa,Lower-Middle,2024-01-28,2024,1,4,9.08,8.67,38.6,108.2,2860.0
2731,NGA,Nigeria,Africa,Lower-Middle,2024-02-04,2024,2,5,9.08,8.67,34.6,83.5,2864.0
2732,NGA,Nigeria,Africa,Lower-Middle,2024-02-11,2024,2,6,9.08,8.67,67.0,63.2,2864.0
2733,NGA,Nigeria,Africa,Lower-Middle,2024-02-18,2024,2,7,9.08,8.67,45.6,139.1,2864.0
2734,NGA,Nigeria,Africa,Lower-Middle,2024-02-25,2024,2,8,9.08,8.67,56.1,149.7,2864.0
2735,NGA,Nigeria,Africa,Lower-Middle,2024-03-03,2024,3,9,9.08,8.67,39.9,135.1,2868.0
2736,NGA,Nigeria,Africa,Lower-Middle,2024-03-10,2024,3,10,9.08,8.67,47.2,95.9,2868.0
2737,NGA,Nigeria,Africa,Lower-Middle,2024-03-17,2024,3,11,9.08,8.67,54.0,113.5,2868.0
2738,NGA,Nigeria,Africa,Lower-Middle,2024-03-24,2024,3,12,9.08,8.67,34.9,90.1,2868.0
2739,NGA,Nigeria,Africa,Lower-Middle,2024-03-31,2024,3,13,9.08,8.67,55.0,104.8,2868.0
2740,NGA,Nigeria,Africa,Lower-Middle,2024-04-07,2024,4,14,9.08,8.67,81.4,121.5,2873.0
2741,NGA,Nigeria,Africa,Lower-Middle,2024-04-14,2024,4,15,9.08,8.67,64.2,101.0,2873.0
2742,NGA,Nigeria,Africa,Lower-Middle,2024-04-21,2024,4,16,9.08,8.67,48.4,113.7,2873.0
2743,NGA,Nigeria,Africa,Lower-Middle,2024-04-28,2024,4,17,9.08,8.67,47.2,94.9,2873.0
2744,NGA,Nigeria,Africa,Lower-Middle,2024-05-05,2024,5,18,9.08,8.67,47.5,119.7,2877.0
2745,NGA,Nigeria,Africa,Lower-Middle,2024-05-12,2024,5,19,9.08,8.67,61.0,178.2,2877.0
2746,NGA,Nigeria,Africa,Lower-Middle,2024-05-19,2024,5,20,9.08,8.67,45.1,109.7,2877.0
2747,NGA,Nigeria,Africa,Lower-Middle,2024-05-26,2024,5,21,9.08,8.67,67.7,91.9,2877.0
2748,NGA,Nigeria,Africa,Lower-Middle,2024-06-02,2024,6,22,9.08,8.67,31.8,81.1,2881.0
2749,NGA,Nigeria,Africa,Lower-Middle,2024-06-09,2024,6,23,9.08,8.67,34.1,134.9,2881.0
2750,NGA,Nigeria,Africa,Lower-Middle,2024-06-16,2024,6,24,9.08,8.67,6.4,57.4,2881.0
2751,NGA,Nigeria,Africa,Lower-Middle,2024-06-23,2024,6,25,9.08,8.67,53.0,116.4,2881.0
2752,NGA,Nigeria,Africa,Lower-Middle,2024-06-30,2024,6,26,9.08,8.67,36.0,100.6,2881.0
2753,NGA,Nigeria,Africa,Lower-Middle,2024-07-07,2024,7,27,9.08,8.67,3.4,78.9,2885.0
2754,NGA,Nigeria,Africa,Lower-Middle,2024-07-14,2024,7,28,9.08,8.67,41.8,35.2,2885.0
2755,NGA,Nigeria,Africa,Lower-Middle,2024-07-21,2024,7,29,9.08,8.67,2.7,0.0,2885.0
2756,NGA,Nigeria,Africa,Lower-Middle,2024-07-28,2024,7,30,9.08,8.67,6.8,54.0,2885.0
2757,NGA,Nigeria,Africa,Lower-Middle,2024-08-04,2024,8,31,9.08,8.67,9.7,81.1,2889.0
2758,NGA,Nigeria,Africa,Lower-Middle,2024-08-11,2024,8,32,9.08,8.67,2.3,51.6,2889.0
2759,NGA,Nigeria,Africa,Lower-Middle,2024-08-18,2024,8,33,9.08,8.67,3.9,36.4,2889.0
2760,NGA,Nigeria,Africa,Lower-Middle,2024-08-25,2024,8,34,9.08,8.67,7.8,114.8,2889.0
2761,NGA,Nigeria,Africa,Lower-Middle,2024-09-01,2024,9,35,9.08,8.67,3.8,20.8,2893.0
2762,NGA,Nigeria,Africa,Lower-Middle,2024-09-08,2024,9,36,9.08,8.67,3.6,68.2,2893.0
2763,NGA,Nigeria,Africa,Lower-Middle,2024-09-15,2024,9,37,9.08,8.67,5.1,18.8,2893.0
2764,NGA,Nigeria,Africa,Lower-Middle,2024-09-22,2024,9,38,9.08,8.67,2.1,94.9,2893.0
2765,NGA,Nigeria,Africa,Lower-Middle,2024-09-29,2024,9,39,9.08,8.67,6.7,0.0,2893.0
2766,NGA,Nigeria,Africa,Lower-Middle,2024-10-06,2024,10,40,9.08,8.67,6.1,30.9,2897.0
2767,NGA,Nigeria,Africa,Lower-Middle,2024-10-13,2024,10,41,9.08,8.67,1.4,31.1,2897.0
2768,NGA,Nigeria,Africa,Lower-Middle,2024-10-20,2024,10,42,9.08,8.67,6.3,0.0,2897.0
2769,NGA,Nigeria,Africa,Lower-Middle,2024-10-27,2024,10,43,9.08,8.67,4.2,12.5,2897.0
2770,NGA,Nigeria,Africa,Lower-Middle,2024-11-03,2024,11,44,9.08,8.67,6.5,51.7,2901.0
2771,NGA,Nigeria,Africa,Lower-Middle,2024-11-10,2024,11,45,9.08,8.67,6.1,71.0,2901.0
2772,NGA,Nigeria,Africa,Lower-Middle,2024-11-17,2024,11,46,9.08,8.67,10.4,28.3,2901.0
2773,NGA,Nigeria,Africa,Lower-Middle,2024-11-24,2024,11,47,9.08,8.67,6.2,33.3,2901.0
2774,NGA,Nigeria,Africa,Lower-Middle,2024-12-01,2024,12,48,9.08,8.67,4.2,0.0,2905.0
2775,NGA,Nigeria,Africa,Lower-Middle,2024-12-08,2024,12,49,9.08,8.67,8.3,78.8,2905.0
2776,NGA,Nigeria,Africa,Lower-Middle,2024-12-15,2024,12,50,9.08,8.67,5.0,141.1,2905.0
2777,NGA,Nigeria,Africa,Lower-Middle,2024-12-22,2024,12,51,9.08,8.67,4.4,103.4,2905.0
2778,NGA,Nigeria,Africa,Lower-Middle,2024-12-29,2024,12,52,9.08,8.67,7.5,121.8,2905.0
2779,NGA,Nigeria,Africa,Lower-Middle,2025-01-05,2025,1,1,9.08,8.67,7.9,61.8,2909.0
2780,NGA,Nigeria,Africa,Lower-Middle,2025-01-12,2025,1,2,9.08,8.67,25.7,74.8,2909.0
2781,NGA,Nigeria,Africa,Lower-Middle,2025-01-19,2025,1,3,9.08,8.67,7.5,77.5,2909.0
2782,NGA,Nigeria,Africa,Lower-Middle,2025-01-26,2025,1,4,9.08,8.67,40.5,76.1,2909.0
2783,NGA,Nigeria,Africa,Lower-Middle,2025-02-02,2025,2,5,9.08,8.67,39.8,54.0,2913.0
2784,NGA,Nigeria,Africa,Lower-Middle,2025-02-09,2025,2,6,9.08,8.67,41.4,167.3,2913.0
2785,NGA,Nigeria,Africa,Lower-Middle,2025-02-16,2025,2,7,9.08,8.67,73.3,157.5,2913.0
2786,NGA,Nigeria,Africa,Lower-Middle,2025-02-23,2025,2,8,9.08,8.67,42.6,108.2,2913.0
2787,NGA,Nigeria,Africa,Lower-Middle,2025-03-02,2025,3,9,9.08,8.67,57.9,132.9,2917.0
2788,NGA,Nigeria,Africa,Lower-Middle,2025-03-09,2025,3,10,9.08,8.67,53.7,132.5,2917.0
2789,NGA,Nigeria,Africa,Lower-Middle,2025-03-16,2025,3,11,9.08,8.67,49.5,105.9,2917.0
2790,NGA,Nigeria,Africa,Lower-Middle,2025-03-23,2025,3,12,9.08,8.67,57.5,91.7,2917.0
2791,NGA,Nigeria,Africa,Lower-Middle,2025-03-30,2025,3,13,9.08,8.67,76.4,144.9,2917.0
2792,NGA,Nigeria,Africa,Lower-Middle,2025-04-06,2025,4,14,9.08,8.67,59.3,82.1,2921.0
2793,NGA,Nigeria,Africa,Lower-Middle,2025-04-13,2025,4,15,9.08,8.67,50.3,89.6,2921.0
2794,NGA,Nigeria,Africa,Lower-Middle,2025-04-20,2025,4,16,9.08,8.67,46.6,144.8,2921.0
2795,NGA,Nigeria,Africa,Lower-Middle,2025-04-27,2025,4,17,9.08,8.67,70.0,152.5,2921.0
2796,NGA,Nigeria,Africa,Lower-Middle,2025-05-04,2025,5,18,9.08,8.67,54.6,132.5,2925.0
2797,NGA,Nigeria,Africa,Lower-Middle,2025-05-11,2025,5,19,9.08,8.67,63.5,147.9,2925.0
2798,NGA,Nigeria,Africa,Lower-Middle,2025-05-18,2025,5,20,9.08,8.67,38.9,108.9,2925.0
2799,NGA,Nigeria,Africa,Lower-Middle,2025-05-25,2025,5,21,9.08,8.67,26.7,100.0,2925.0
2800,NGA,Nigeria,Africa,Lower-Middle,2025-06-01,2025,6,22,9.08,8.67,47.5,69.9,2929.0
2801,NGA,Nigeria,Africa,Lower-Middle,2025-06-08,2025,6,23,9.08,8.67,33.8,64.6,2929.0
2802,NGA,Nigeria,Africa,Lower-Middle,2025-06-15,2025,6,24,9.08,8.67,44.9,110.9,2929.0
2803,NGA,Nigeria,Africa,Lower-Middle,2025-06-22,2025,6,25,9.08,8.67,30.7,101.3,2929.0
2804,NGA,Nigeria,Africa,Lower-Middle,2025-06-29,2025,6,26,9.08,8.67,8.7,101.3,2929.0
2805,NGA,Nigeria,Africa,Lower-Middle,2025-07-06,2025,7,27,9.08,8.67,4.4,73.2,2933.0
2806,NGA,Nigeria,Africa,Lower-Middle,2025-07-13,2025,7,28,9.08,8.67,5.4,70.2,2933.0
2807,NGA,Nigeria,Africa,Lower-Middle,2025-07-20,2025,7,29,9.08,8.67,4.3,60.5,2933.0
2808,NGA,Nigeria,Africa,Lower-Middle,2025-07-27,2025,7,30,9.08,8.67,3.1,45.7,2933.0
2809,NGA,Nigeria,Africa,Lower-Middle,2025-08-03,2025,8,31,9.08,8.67,12.0,36.4,2937.0
2810,NGA,Nigeria,Africa,Lower-Middle,2025-08-10,2025,8,32,9.08,8.67,2.4,94.7,2937.0
2811,NGA,Nigeria,Africa,Lower-Middle,2025-08-17,2025,8,33,9.08,8.67,2.0,23.6,2937.0
2812,NGA,Nigeria,Africa,Lower-Middle,2025-08-24,2025,8,34,9.08,8.67,0.6,83.7,2937.0
2813,NGA,Nigeria,Africa,Lower-Middle,2025-08-31,2025,8,35,9.08,8.67,4.0,54.6,2937.0
2814,NGA,Nigeria,Africa,Lower-Middle,2025-09-07,2025,9,36,9.08,8.67,3.8,52.5,2941.0
2815,NGA,Nigeria,Africa,Lower-Middle,2025-09-14,2025,9,37,9.08,8.67,2.9,0.0,2941.0
2816,NGA,Nigeria,Africa,Lower-Middle,2025-09-21,2025,9,38,9.08,8.67,0.1,2.9,2941.0
2817,NGA,Nigeria,Africa,Lower-Middle,2025-09-28,2025,9,39,9.08,8.67,6.3,16.9,2941.0
2818,NGA,Nigeria,Africa,Lower-Middle,2025-10-05,2025,10,40,9.08,8.67,3.2,44.0,2945.0
2819,NGA,Nigeria,Africa,Lower-Middle,2025-10-12,2025,10,41,9.08,8.67,3.6,4.6,2945.0
2820,NGA,Nigeria,Africa,Lower-Middle,2025-10-19,2025,10,42,9.08,8.67,4.6,25.7,2945.0
