record_id,country_code,country_name,region,income_level,date,year,month,week,latitude,longitude,vector_disease_risk_score,temperature_celsius,precipitation_mm
6769,IDN,Indonesia,Southeast Asia,Lower-Middle,2015-01-04,2015,1,1,-0.78,113.92,36.3,22.91,120.6
6770,IDN,Indonesia,Southeast Asia,Lower-Middle,2015-01-11,2015,1,2,-0.78,113.92,43.4,27.09,30.7
6771,IDN,Indonesia,Southeast Asia,Lower-Middle,2015-01-18,2015,1,3,-0.78,113.92,48.0,24.39,51.5
6772,IDN,Indonesia,Southeast Asia,Lower-Middle,2015-01-25,2015,1,4,-0.78,113.92,57.6,27.96,130.9
6773,IDN,Indonesia,Southeast Asia,Lower-Middle,2015-02-01,2015,2,5,-0.78,113.92,67.0,32.41,113.9
6774,IDN,Indonesia,Southeast Asia,Lower-Middle,2015-02-08,2015,2,6,-0.78,113.92,63.7,28.28,105.2
6775,IDN,Indonesia,Southeast Asia,Lower-Middle,2015-02-15,2015,2,7,-0.78,113.92,85.6,32.74,128.7
6776,IDN,Indonesia,Southeast Asia,Lower-Middle,2015-02-22,2015,2,8,-0.78,113.92,46.1,29.01,75.5
6777,IDN,Indonesia,Southeast Asia,Lower-Middle,2015-03-01,2015,3,9,-0.78,113.92,58.6,29.27,128.0
6778,IDN,Indonesia,Southeast Asia,Lower-Middle,2015-03-08,2015,3,10,-0.78,113.92,79.0,32.95,127.5
6779,IDN,Indonesia,Southeast Asia,Lower-Middle,2015-03-15,2015,3,11,-0.78,113.92,60.1,29.29,58.5
6780,IDN,Indonesia,Southeast Asia,Lower-Middle,2015-03-22,2015,3,12,-0.78,113.92,64.7,32.01,159.7
6781,IDN,Indonesia,Southeast Asia,Lower-Middle,2015-03-29,2015,3,13,-0.78,113.92,71.9,31.54,114.8
6782,IDN,Indonesia,Southeast Asia,Lower-Middle,2015-04-05,2015,4,14,-0.78,113.92,84.9,33.62,131.7
6783,IDN,Indonesia,Southeast Asia,Lower-Middle,2015-04-12,2015,4,15,-0.78,113.92,56.2,30.86,95.6
6784,IDN,Indonesia,Southeast Asia,Lower-Middle,2015-04-19,2015,4,16,-0.78,113.92,41.3,31.45,79.3
6785,IDN,Indonesia,Southeast Asia,Lower-Middle,2015-04-26,2015,4,17,-0.78,113.92,56.0,30.8,91.8
6786,IDN,Indonesia,Southeast Asia,Lower-Middle,2015-05-03,2015,5,18,-0.78,113.92,59.3,30.0,124.2
6787,IDN,Indonesia,Southeast Asia,Lower-Middle,2015-05-10,2015,5,19,-0.78,113.92,69.6,29.99,106.3
6788,IDN,Indonesia,Southeast Asia,Lower-Middle,2015-05-17,2015,5,20,-0.78,113.92,58.7,32.93,115.5
6789,IDN,Indonesia,Southeast Asia,Lower-Middle,2015-05-24,2015,5,21,-0.78,113.92,56.1,29.86,74.5
6790,IDN,Indonesia,Southeast Asia,Lower-Middle,2015-05-31,2015,5,22,-0.78,113.92,42.1,25.78,153.9
6791,IDN,Indonesia,Southeast Asia,Lower-Middle,2015-06-07,2015,6,23,-0.78,113.92,66.2,30.38,122.6
6792,IDN,Indonesia,Southeast Asia,Lower-Middle,2015-06-14,2015,6,24,-0.78,113.92,36.3,24.77,57.5
6793,IDN,Indonesia,Southeast Asia,Lower-Middle,2015-06-21,2015,6,25,-0.78,113.92,46.0,26.65,59.1
6794,IDN,Indonesia,Southeast Asia,Lower-Middle,2015-06-28,2015,6,26,-0.78,113.92,39.2,22.18,51.1
6795,IDN,Indonesia,Southeast Asia,Lower-Middle,2015-07-05,2015,7,27,-0.78,113.92,30.7,24.44,59.2
6796,IDN,Indonesia,Southeast Asia,Lower-Middle,2015-07-12,2015,7,28,-0.78,113.92,58.7,25.02,93.4
6797,IDN,Indonesia,Southeast Asia,Lower-Middle,2015-07-19,2015,7,29,-0.78,113.92,46.2,23.39,130.7
6798,IDN,Indonesia,Southeast Asia,Lower-Middle,2015-07-26,2015,7,30,-0.78,113.92,21.3,22.06,51.9
6799,IDN,Indonesia,Southeast Asia,Lower-Middle,2015-08-02,2015,8,31,-0.78,113.92,11.8,21.88,40.2
6800,IDN,Indonesia,Southeast Asia,Lower-Middle,2015-08-09,2015,8,32,-0.78,113.92,30.7,20.47,79.5
6801,IDN,Indonesia,Southeast Asia,Lower-Middle,2015-08-16,2015,8,33,-0.78,113.92,36.2,20.79,65.0
6802,IDN,Indonesia,Southeast Asia,Lower-Middle,2015-08-23,2015,8,34,-0.78,113.92,9.1,17.46,66.0
6803,IDN,Indonesia,Southeast Asia,Lower-Middle,2015-08-30,2015,8,35,-0.78,113.92,7.9,17.79,13.5
6804,IDN,Indonesia,Southeast Asia,Lower-Middle,2015-09-06,2015,9,36,-0.78,113.92,2.7,18.16,3.0
6805,IDN,Indonesia,Southeast Asia,Lower-Middle,2015-09-13,2015,9,37,-0.78,113.92,5.2,15.65,52.8
6806,IDN,Indonesia,Southeast Asia,Lower-Middle,2015-09-20,2015,9,38,-0.78,113.92,7.7,16.86,21.0
6807,IDN,Indonesia,Southeast Asia,Lower-Middle,2015-09-27,2015,9,39,-0.78,113.92,3.4,14.61,13.2
6808,IDN,Indonesia,Southeast Asia,Lower-Middle,2015-10-04,2015,10,40,-0.78,113.92,6.0,16.19,0.0
6809,IDN,Indonesia,Southeast Asia,Lower-Middle,2015-10-11,2015,10,41,-0.78,113.92,4.4,18.16,31.5
6810,IDN,Indonesia,Southeast Asia,Lower-Middle,2015-10-18,2015,10,42,-0.78,113.92,0.0,11.62,39.0
6811,IDN,Indonesia,Southeast Asia,Lower-Middle,2015-10-25,2015,10,43,-0.78,113.92,8.8,18.09,51.4
6812,IDN,Indonesia,Southeast Asia,Lower-Middle,2015-11-01,2015,11,44,-0.78,113.92,4.1,15.31,71.3
6813,IDN,Indonesia,Southeast Asia,Lower-Middle,2015-11-08,2015,11,45,-0.78,113.92,4.7,15.19,58.0
6814,IDN,Indonesia,Southeast Asia,Lower-Middle,2015-11-15,2015,11,46,-0.78,113.92,44.1,21.4,30.4
6815,IDN,Indonesia,Southeast Asia,Lower-Middle,2015-11-22,2015,11,47,-0.78,113.92,4.2,19.99,0.0
6816,IDN,Indonesia,Southeast Asia,Lower-Middle,2015-11-29,2015,11,48,-0.78,113.92,8.4,17.65,84.5
6817,IDN,Indonesia,Southeast Asia,Lower-Middle,2015-12-06,2015,12,49,-0.78,113.92,47.5,23.96,57.7
6818,IDN,Indonesia,Southeast Asia,Lower-Middle,2015-12-13,2015,12,50,-0.78,113.92,50.3,22.69,115.6
6819,IDN,Indonesia,Southeast Asia,Lower-Middle,2015-12-20,2015,12,51,-0.78,113.92,43.5,24.61,83.5
6820,IDN,Indonesia,Southeast Asia,Lower-Middle,2015-12-27,2015,12,52,-0.78,113.92,63.7,26.65,68.5
6821,IDN,Indonesia,Southeast Asia,Lower-Middle,2016-01-03,2016,1,53,-0.78,113.92,33.1,26.66,111.5
6822,IDN,Indonesia,Southeast Asia,Lower-Middle,2016-01-10,2016,1,1,-0.78,113.92,28.3,25.18,80.7
6823,IDN,Indonesia,Southeast Asia,Lower-Middle,2016-01-17,2016,1,2,-0.78,113.92,65.0,28.6,48.6
6824,IDN,Indonesia,Southeast Asia,Lower-Middle,2016-01-24,2016,1,3,-0.78,113.92,53.7,28.72,103.1
6825,IDN,Indonesia,Southeast Asia,Lower-Middle,2016-01-31,2016,1,4,-0.78,113.92,60.0,26.04,75.9
6826,IDN,Indonesia,Southeast Asia,Lower-Middle,2016-02-07,2016,2,5,-0.78,113.92,57.1,27.89,155.5
6827,IDN,Indonesia,Southeast Asia,Lower-Middle,2016-02-14,2016,2,6,-0.78,113.92,58.3,29.55,105.6
6828,IDN,Indonesia,Southeast Asia,Lower-Middle,2016-02-21,2016,2,7,-0.78,113.92,72.1,28.78,200.8
6829,IDN,Indonesia,Southeast Asia,Lower-Middle,2016-02-28,2016,2,8,-0.78,113.92,51.6,31.61,93.7
6830,IDN,Indonesia,Southeast Asia,Lower-Middle,2016-03-06,2016,3,9,-0.78,113.92,89.8,36.38,123.2
6831,IDN,Indonesia,Southeast Asia,Lower-Middle,2016-03-13,2016,3,10,-0.78,113.92,64.0,33.81,97.1
6832,IDN,Indonesia,Southeast Asia,Lower-Middle,2016-03-20,2016,3,11,-0.78,113.92,58.8,32.45,150.1
6833,IDN,Indonesia,Southeast Asia,Lower-Middle,2016-03-27,2016,3,12,-0.78,113.92,70.1,31.06,96.0
6834,IDN,Indonesia,Southeast Asia,Lower-Middle,2016-04-03,2016,4,13,-0.78,113.92,63.3,30.6,61.9
6835,IDN,Indonesia,Southeast Asia,Lower-Middle,2016-04-10,2016,4,14,-0.78,113.92,79.3,33.87,102.2
6836,IDN,Indonesia,Southeast Asia,Lower-Middle,2016-04-17,2016,4,15,-0.78,113.92,91.3,37.43,101.6
6837,IDN,Indonesia,Southeast Asia,Lower-Middle,2016-04-24,2016,4,16,-0.78,113.92,58.3,31.48,133.5
6838,IDN,Indonesia,Southeast Asia,Lower-Middle,2016-05-01,2016,5,17,-0.78,113.92,63.4,34.04,156.0
6839,IDN,Indonesia,Southeast Asia,Lower-Middle,2016-05-08,2016,5,18,-0.78,113.92,71.2,28.93,140.6
6840,IDN,Indonesia,Southeast Asia,Lower-Middle,2016-05-15,2016,5,19,-0.78,113.92,76.0,30.96,134.0
6841,IDN,Indonesia,Southeast Asia,Lower-Middle,2016-05-22,2016,5,20,-0.78,113.92,59.1,29.17,123.1
6842,IDN,Indonesia,Southeast Asia,Lower-Middle,2016-05-29,2016,5,21,-0.78,113.92,47.4,29.9,131.8
6843,IDN,Indonesia,Southeast Asia,Lower-Middle,2016-06-05,2016,6,22,-0.78,113.92,61.1,28.18,117.0
6844,IDN,Indonesia,Southeast Asia,Lower-Middle,2016-06-12,2016,6,23,-0.78,113.92,62.4,27.48,111.5
6845,IDN,Indonesia,Southeast Asia,Lower-Middle,2016-06-19,2016,6,24,-0.78,113.92,60.5,27.31,133.5
6846,IDN,Indonesia,Southeast Asia,Lower-Middle,2016-06-26,2016,6,25,-0.78,113.92,35.8,25.86,85.7
6847,IDN,Indonesia,Southeast Asia,Lower-Middle,2016-07-03,2016,7,26,-0.78,113.92,37.5,22.7,111.3
6848,IDN,Indonesia,Southeast Asia,Lower-Middle,2016-07-10,2016,7,27,-0.78,113.92,46.6,24.12,93.7
6849,IDN,Indonesia,Southeast Asia,Lower-Middle,2016-07-17,2016,7,28,-0.78,113.92,0.0,19.46,86.7
6850,IDN,Indonesia,Southeast Asia,Lower-Middle,2016-07-24,2016,7,29,-0.78,113.92,37.0,24.08,20.3
6851,IDN,Indonesia,Southeast Asia,Lower-Middle,2016-07-31,2016,7,30,-0.78,113.92,32.3,24.55,8.5
6852,IDN,Indonesia,Southeast Asia,Lower-Middle,2016-08-07,2016,8,31,-0.78,113.92,5.3,17.12,116.3
6853,IDN,Indonesia,Southeast Asia,Lower-Middle,2016-08-14,2016,8,32,-0.78,113.92,27.0,20.48,0.0
6854,IDN,Indonesia,Southeast Asia,Lower-Middle,2016-08-21,2016,8,33,-0.78,113.92,2.8,18.61,22.7
6855,IDN,Indonesia,Southeast Asia,Lower-Middle,2016-08-28,2016,8,34,-0.78,113.92,6.6,17.5,20.0
6856,IDN,Indonesia,Southeast Asia,Lower-Middle,2016-09-04,2016,9,35,-0.78,113.92,4.6,15.25,9.3
6857,IDN,Indonesia,Southeast Asia,Lower-Middle,2016-09-11,2016,9,36,-0.78,113.92,1.2,15.47,37.1
6858,IDN,Indonesia,Southeast Asia,Lower-Middle,2016-09-18,2016,9,37,-0.78,113.92,9.0,18.03,30.1
6859,IDN,Indonesia,Southeast Asia,Lower-Middle,2016-09-25,2016,9,38,-0.78,113.92,0.0,18.49,31.7
6860,IDN,Indonesia,Southeast Asia,Lower-Middle,2016-10-02,2016,10,39,-0.78,113.92,1.1,15.06,52.6
6861,IDN,Indonesia,Southeast Asia,Lower-Middle,2016-10-09,2016,10,40,-0.78,113.92,6.0,17.02,47.2
6862,IDN,Indonesia,Southeast Asia,Lower-Middle,2016-10-16,2016,10,41,-0.78,113.92,11.2,18.02,0.0
6863,IDN,Indonesia,Southeast Asia,Lower-Middle,2016-10-23,2016,10,42,-0.78,113.92,3.0,15.52,11.6
6864,IDN,Indonesia,Southeast Asia,Lower-Middle,2016-10-30,2016,10,43,-0.78,113.92,21.2,20.18,45.6
6865,IDN,Indonesia,Southeast Asia,Lower-Middle,2016-11-06,2016,11,44,-0.78,113.92,39.0,21.12,59.7
6866,IDN,Indonesia,Southeast Asia,Lower-Middle,2016-11-13,2016,11,45,-0.78,113.92,16.5,20.78,64.8
6867,IDN,Indonesia,Southeast Asia,Lower-Middle,2016-11-20,2016,11,46,-0.78,113.92,6.5,17.4,58.5
6868,IDN,Indonesia,Southeast Asia,Lower-Middle,2016-11-27,2016,11,47,-0.78,113.92,4.0,19.84,62.3
6869,IDN,Indonesia,Southeast Asia,Lower-Middle,2016-12-04,2016,12,48,-0.78,113.92,36.3,21.86,50.6
6870,IDN,Indonesia,Southeast Asia,Lower-Middle,2016-12-11,2016,12,49,-0.78,113.92,32.5,21.71,23.6
6871,IDN,Indonesia,Southeast Asia,Lower-Middle,2016-12-18,2016,12,50,-0.78,113.92,2.7,17.58,58.4
6872,IDN,Indonesia,Southeast Asia,Lower-Middle,2016-12-25,2016,12,51,-0.78,113.92,22.7,22.37,0.2
6873,IDN,Indonesia,Southeast Asia,Lower-Middle,2017-01-01,2017,1,52,-0.78,113.92,68.2,25.48,86.2
6874,IDN,Indonesia,Southeast Asia,Lower-Middle,2017-01-08,2017,1,1,-0.78,113.92,62.9,23.78,83.1
6875,IDN,Indonesia,Southeast Asia,Lower-Middle,2017-01-15,2017,1,2,-0.78,113.92,53.3,27.66,103.8
6876,IDN,Indonesia,Southeast Asia,Lower-Middle,2017-01-22,2017,1,3,-0.78,113.92,33.7,26.49,74.1
6877,IDN,Indonesia,Southeast Asia,Lower-Middle,2017-01-29,2017,1,4,-0.78,113.92,56.8,29.19,59.7
6878,IDN,Indonesia,Southeast Asia,Lower-Middle,2017-02-05,2017,2,5,-0.78,113.92,53.3,28.32,102.8
6879,IDN,Indonesia,Southeast Asia,Lower-Middle,2017-02-12,2017,2,6,-0.78,113.92,55.1,28.91,103.4
6880,IDN,Indonesia,Southeast Asia,Lower-Middle,2017-02-19,2017,2,7,-0.78,113.92,60.4,31.27,128.2
6881,IDN,Indonesia,Southeast Asia,Lower-Middle,2017-02-26,2017,2,8,-0.78,113.92,69.8,30.13,68.1
6882,IDN,Indonesia,Southeast Asia,Lower-Middle,2017-03-05,2017,3,9,-0.78,113.92,64.3,33.54,139.1
6883,IDN,Indonesia,Southeast Asia,Lower-Middle,2017-03-12,2017,3,10,-0.78,113.92,75.1,32.42,112.0
6884,IDN,Indonesia,Southeast Asia,Lower-Middle,2017-03-19,2017,3,11,-0.78,113.92,73.0,34.59,129.3
6885,IDN,Indonesia,Southeast Asia,Lower-Middle,2017-03-26,2017,3,12,-0.78,113.92,92.1,36.6,152.9
6886,IDN,Indonesia,Southeast Asia,Lower-Middle,2017-04-02,2017,4,13,-0.78,113.92,69.0,35.61,115.4
6887,IDN,Indonesia,Southeast Asia,Lower-Middle,2017-04-09,2017,4,14,-0.78,113.92,76.7,31.69,94.3
6888,IDN,Indonesia,Southeast Asia,Lower-Middle,2017-04-16,2017,4,15,-0.78,113.92,57.0,31.72,100.6
6889,IDN,Indonesia,Southeast Asia,Lower-Middle,2017-04-23,2017,4,16,-0.78,113.92,59.3,32.24,96.7
6890,IDN,Indonesia,Southeast Asia,Lower-Middle,2017-04-30,2017,4,17,-0.78,113.92,51.6,31.31,143.5
6891,IDN,Indonesia,Southeast Asia,Lower-Middle,2017-05-07,2017,5,18,-0.78,113.92,64.3,33.47,136.1
6892,IDN,Indonesia,Southeast Asia,Lower-Middle,2017-05-14,2017,5,19,-0.78,113.92,47.4,27.82,134.3
6893,IDN,Indonesia,Southeast Asia,Lower-Middle,2017-05-21,2017,5,20,-0.78,113.92,82.4,31.88,125.0
6894,IDN,Indonesia,Southeast Asia,Lower-Middle,2017-05-28,2017,5,21,-0.78,113.92,47.8,29.75,76.4
6895,IDN,Indonesia,Southeast Asia,Lower-Middle,2017-06-04,2017,6,22,-0.78,113.92,41.9,31.69,80.0
6896,IDN,Indonesia,Southeast Asia,Lower-Middle,2017-06-11,2017,6,23,-0.78,113.92,59.9,27.56,110.6
6897,IDN,Indonesia,Southeast Asia,Lower-Middle,2017-06-18,2017,6,24,-0.78,113.92,44.5,25.15,113.0
6898,IDN,Indonesia,Southeast Asia,Lower-Middle,2017-06-25,2017,6,25,-0.78,113.92,71.0,26.27,100.7
6899,IDN,Indonesia,Southeast Asia,Lower-Middle,2017-07-02,2017,7,26,-0.78,113.92,26.0,24.9,83.2
6900,IDN,Indonesia,Southeast Asia,Lower-Middle,2017-07-09,2017,7,27,-0.78,113.92,30.2,20.91,48.4
6901,IDN,Indonesia,Southeast Asia,Lower-Middle,2017-07-16,2017,7,28,-0.78,113.92,20.4,20.62,43.1
6902,IDN,Indonesia,Southeast Asia,Lower-Middle,2017-07-23,2017,7,29,-0.78,113.92,48.7,22.35,113.8
6903,IDN,Indonesia,Southeast Asia,Lower-Middle,2017-07-30,2017,7,30,-0.78,113.92,28.3,21.96,16.5
6904,IDN,Indonesia,Southeast Asia,Lower-Middle,2017-08-06,2017,8,31,-0.78,113.92,34.8,24.3,28.3
6905,IDN,Indonesia,Southeast Asia,Lower-Middle,2017-08-13,2017,8,32,-0.78,113.92,0.1,17.19,53.5
6906,IDN,Indonesia,Southeast Asia,Lower-Middle,2017-08-20,2017,8,33,-0.78,113.92,8.4,16.86,68.7
6907,IDN,Indonesia,Southeast Asia,Lower-Middle,2017-08-27,2017,8,34,-0.78,113.92,4.2,16.47,61.7
6908,IDN,Indonesia,Southeast Asia,Lower-Middle,2017-09-03,2017,9,35,-0.78,113.92,7.5,15.34,72.6
6909,IDN,Indonesia,Southeast Asia,Lower-Middle,2017-09-10,2017,9,36,-0.78,113.92,5.4,13.58,51.8
6910,IDN,Indonesia,Southeast Asia,Lower-Middle,2017-09-17,2017,9,37,-0.78,113.92,5.8,15.99,14.5
6911,IDN,Indonesia,Southeast Asia,Lower-Middle,2017-09-24,2017,9,38,-0.78,113.92,6.1,16.2,27.5
6912,IDN,Indonesia,Southeast Asia,Lower-Middle,2017-10-01,2017,10,39,-0.78,113.92,2.0,17.16,86.4
6913,IDN,Indonesia,Southeast Asia,Lower-Middle,2017-10-08,2017,10,40,-0.78,113.92,9.8,14.12,59.1
6914,IDN,Indonesia,Southeast Asia,Lower-Middle,2017-10-15,2017,10,41,-0.78,113.92,42.8,20.89,97.5
6915,IDN,Indonesia,Southeast Asia,Lower-Middle,2017-10-22,2017,10,42,-0.78,113.92,3.4,16.33,16.6
6916,IDN,Indonesia,Southeast Asia,Lower-Middle,2017-10-29,2017,10,43,-0.78,113.92,11.7,19.18,40.0
6917,IDN,Indonesia,Southeast Asia,Lower-Middle,2017-11-05,2017,11,44,-0.78,113.92,7.2,18.9,41.3
6918,IDN,Indonesia,Southeast Asia,Lower-Middle,2017-11-12,2017,11,45,-0.78,113.92,23.7,20.22,0.0
6919,IDN,Indonesia,Southeast Asia,Lower-Middle,2017-11-19,2017,11,46,-0.78,113.92,3.1,19.84,89.3
6920,IDN,Indonesia,Southeast Asia,Lower-Middle,2017-11-26,2017,11,47,-0.78,113.92,5.6,18.91,90.7
6921,IDN,Indonesia,Southeast Asia,Lower-Middle,2017-12-03,2017,12,48,-0.78,113.92,32.0,23.02,111.1
6922,IDN,Indonesia,Southeast Asia,Lower-Middle,2017-12-10,2017,12,49,-0.78,113.92,15.9,21.93,83.3
6923,IDN,Indonesia,Southeast Asia,Lower-Middle,2017-12-17,2017,12,50,-0.78,113.92,47.7,26.99,83.2
6924,IDN,Indonesia,Southeast Asia,Lower-Middle,2017-12-24,2017,12,51,-0.78,113.92,28.3,23.07,115.0
6925,IDN,Indonesia,Southeast Asia,Lower-Middle,2017-12-31,2017,12,52,-0.78,113.92,33.9,24.09,61.9
6926,IDN,Indonesia,Southeast Asia,Lower-Middle,2018-01-07,2018,1,1,-0.78,113.92,38.9,24.35,100.4
6927,IDN,Indonesia,Southeast Asia,Lower-Middle,2018-01-14,2018,1,2,-0.78,113.92,53.6,26.76,96.0
6928,IDN,Indonesia,Southeast Asia,Lower-Middle,2018-01-21,2018,1,3,-0.78,113.92,34.4,25.94,65.7
6929,IDN,Indonesia,Southeast Asia,Lower-Middle,2018-01-28,2018,1,4,-0.78,113.92,31.0,27.43,109.1
6930,IDN,Indonesia,Southeast Asia,Lower-Middle,2018-02-04,2018,2,5,-0.78,113.92,62.4,25.73,177.1
6931,IDN,Indonesia,Southeast Asia,Lower-Middle,2018-02-11,2018,2,6,-0.78,113.92,80.1,32.8,120.5
6932,IDN,Indonesia,Southeast Asia,Lower-Middle,2018-02-18,2018,2,7,-0.78,113.92,69.3,33.23,104.6
6933,IDN,Indonesia,Southeast Asia,Lower-Middle,2018-02-25,2018,2,8,-0.78,113.92,60.2,31.82,93.2
6934,IDN,Indonesia,Southeast Asia,Lower-Middle,2018-03-04,2018,3,9,-0.78,113.92,55.8,31.21,96.9
6935,IDN,Indonesia,Southeast Asia,Lower-Middle,2018-03-11,2018,3,10,-0.78,113.92,55.7,29.75,109.1
6936,IDN,Indonesia,Southeast Asia,Lower-Middle,2018-03-18,2018,3,11,-0.78,113.92,53.3,29.68,72.2
6937,IDN,Indonesia,Southeast Asia,Lower-Middle,2018-03-25,2018,3,12,-0.78,113.92,63.6,32.24,137.3
6938,IDN,Indonesia,Southeast Asia,Lower-Middle,2018-04-01,2018,4,13,-0.78,113.92,75.3,32.83,154.4
6939,IDN,Indonesia,Southeast Asia,Lower-Middle,2018-04-08,2018,4,14,-0.78,113.92,46.5,33.95,86.4
6940,IDN,Indonesia,Southeast Asia,Lower-Middle,2018-04-15,2018,4,15,-0.78,113.92,56.7,33.7,101.3
6941,IDN,Indonesia,Southeast Asia,Lower-Middle,2018-04-22,2018,4,16,-0.78,113.92,80.8,33.95,95.1
6942,IDN,Indonesia,Southeast Asia,Lower-Middle,2018-04-29,2018,4,17,-0.78,113.92,57.8,31.61,143.3
6943,IDN,Indonesia,Southeast Asia,Lower-Middle,2018-05-06,2018,5,18,-0.78,113.92,67.2,30.34,111.9
6944,IDN,Indonesia,Southeast Asia,Lower-Middle,2018-05-13,2018,5,19,-0.78,113.92,50.7,30.71,82.1
6945,IDN,Indonesia,Southeast Asia,Lower-Middle,2018-05-20,2018,5,20,-0.78,113.92,79.4,34.45,66.7
6946,IDN,Indonesia,Southeast Asia,Lower-Middle,2018-05-27,2018,5,21,-0.78,113.92,58.1,27.65,67.4
6947,IDN,Indonesia,Southeast Asia,Lower-Middle,2018-06-03,2018,6,22,-0.78,113.92,37.0,26.47,68.1
6948,IDN,Indonesia,Southeast Asia,Lower-Middle,2018-06-10,2018,6,23,-0.78,113.92,49.1,26.43,127.2
6949,IDN,Indonesia,Southeast Asia,Lower-Middle,2018-06-17,2018,6,24,-0.78,113.92,28.8,24.93,76.1
6950,IDN,Indonesia,Southeast Asia,Lower-Middle,2018-06-24,2018,6,25,-0.78,113.92,52.1,24.7,131.0
6951,IDN,Indonesia,Southeast Asia,Lower-Middle,2018-07-01,2018,7,26,-0.78,113.92,36.1,26.9,81.4
6952,IDN,Indonesia,Southeast Asia,Lower-Middle,2018-07-08,2018,7,27,-0.78,113.92,41.2,25.02,14.8
6953,IDN,Indonesia,Southeast Asia,Lower-Middle,2018-07-15,2018,7,28,-0.78,113.92,37.1,21.96,107.4
6954,IDN,Indonesia,Southeast Asia,Lower-Middle,2018-07-22,2018,7,29,-0.78,113.92,45.7,21.32,74.6
6955,IDN,Indonesia,Southeast Asia,Lower-Middle,2018-07-29,2018,7,30,-0.78,113.92,24.7,20.78,67.9
6956,IDN,Indonesia,Southeast Asia,Lower-Middle,2018-08-05,2018,8,31,-0.78,113.92,35.1,20.76,65.6
6957,IDN,Indonesia,Southeast Asia,Lower-Middle,2018-08-12,2018,8,32,-0.78,113.92,14.3,15.71,57.8
6958,IDN,Indonesia,Southeast Asia,Lower-Middle,2018-08-19,2018,8,33,-0.78,113.92,0.2,17.79,53.6
6959,IDN,Indonesia,Southeast Asia,Lower-Middle,2018-08-26,2018,8,34,-0.78,113.92,2.3,17.42,36.0
6960,IDN,Indonesia,Southeast Asia,Lower-Middle,2018-09-02,2018,9,35,-0.78,113.92,7.6,18.84,56.4
6961,IDN,Indonesia,Southeast Asia,Lower-Middle,2018-09-09,2018,9,36,-0.78,113.92,8.6,16.53,31.0
6962,IDN,Indonesia,Southeast Asia,Lower-Middle,2018-09-16,2018,9,37,-0.78,113.92,6.8,19.32,65.0
6963,IDN,Indonesia,Southeast Asia,Lower-Middle,2018-09-23,2018,9,38,-0.78,113.92,5.8,14.62,58.7
6964,IDN,Indonesia,Southeast Asia,Lower-Middle,2018-09-30,2018,9,39,-0.78,113.92,3.8,14.48,50.4
6965,IDN,Indonesia,Southeast Asia,Lower-Middle,2018-10-07,2018,10,40,-0.78,113.92,6.4,13.84,2.6
6966,IDN,Indonesia,Southeast Asia,Lower-Middle,2018-10-14,2018,10,41,-0.78,113.92,0.0,11.43,52.8
6967,IDN,Indonesia,Southeast Asia,Lower-Middle,2018-10-21,2018,10,42,-0.78,113.92,5.6,17.06,45.9
6968,IDN,Indonesia,Southeast Asia,Lower-Middle,2018-10-28,2018,10,43,-0.78,113.92,6.3,15.54,26.5
6969,IDN,Indonesia,Southeast Asia,Lower-Middle,2018-11-04,2018,11,44,-0.78,113.92,19.5,20.01,8.8
6970,IDN,Indonesia,Southeast Asia,Lower-Middle,2018-11-11,2018,11,45,-0.78,113.92,2.7,18.03,56.3
6971,IDN,Indonesia,Southeast Asia,Lower-Middle,2018-11-18,2018,11,46,-0.78,113.92,29.0,20.66,47.0
6972,IDN,Indonesia,Southeast Asia,Lower-Middle,2018-11-25,2018,11,47,-0.78,113.92,4.5,19.69,72.9
6973,IDN,Indonesia,Southeast Asia,Lower-Middle,2018-12-02,2018,12,48,-0.78,113.92,20.9,22.6,82.4
6974,IDN,Indonesia,Southeast Asia,Lower-Middle,2018-12-09,2018,12,49,-0.78,113.92,24.7,20.52,101.6
6975,IDN,Indonesia,Southeast Asia,Lower-Middle,2018-12-16,2018,12,50,-0.78,113.92,39.7,21.34,68.5
6976,IDN,Indonesia,Southeast Asia,Lower-Middle,2018-12-23,2018,12,51,-0.78,113.92,54.6,24.28,91.9
6977,IDN,Indonesia,Southeast Asia,Lower-Middle,2018-12-30,2018,12,52,-0.78,113.92,61.9,27.1,106.4
6978,IDN,Indonesia,Southeast Asia,Lower-Middle,2019-01-06,2019,1,1,-0.78,113.92,48.9,23.33,78.8
6979,IDN,Indonesia,Southeast Asia,Lower-Middle,2019-01-13,2019,1,2,-0.78,113.92,42.8,27.11,74.2
6980,IDN,Indonesia,Southeast Asia,Lower-Middle,2019-01-20,2019,1,3,-0.78,113.92,60.5,25.05,129.7
6981,IDN,Indonesia,Southeast Asia,Lower-Middle,2019-01-27,2019,1,4,-0.78,113.92,64.2,31.74,103.9
6982,IDN,Indonesia,Southeast Asia,Lower-Middle,2019-02-03,2019,2,5,-0.78,113.92,50.8,28.49,70.0
6983,IDN,Indonesia,Southeast Asia,Lower-Middle,2019-02-10,2019,2,6,-0.78,113.92,66.5,30.8,117.1
6984,IDN,Indonesia,Southeast Asia,Lower-Middle,2019-02-17,2019,2,7,-0.78,113.92,46.4,30.08,121.5
6985,IDN,Indonesia,Southeast Asia,Lower-Middle,2019-02-24,2019,2,8,-0.78,113.92,75.6,31.22,87.8
6986,IDN,Indonesia,Southeast Asia,Lower-Middle,2019-03-03,2019,3,9,-0.78,113.92,55.1,28.44,93.5
6987,IDN,Indonesia,Southeast Asia,Lower-Middle,2019-03-10,2019,3,10,-0.78,113.92,72.7,31.95,129.7
6988,IDN,Indonesia,Southeast Asia,Lower-Middle,2019-03-17,2019,3,11,-0.78,113.92,57.5,32.1,59.7
6989,IDN,Indonesia,Southeast Asia,Lower-Middle,2019-03-24,2019,3,12,-0.78,113.92,63.5,30.99,172.4
6990,IDN,Indonesia,Southeast Asia,Lower-Middle,2019-03-31,2019,3,13,-0.78,113.92,90.8,36.18,122.1
6991,IDN,Indonesia,Southeast Asia,Lower-Middle,2019-04-07,2019,4,14,-0.78,113.92,77.0,31.39,107.5
6992,IDN,Indonesia,Southeast Asia,Lower-Middle,2019-04-14,2019,4,15,-0.78,113.92,73.9,34.97,61.1
6993,IDN,Indonesia,Southeast Asia,Lower-Middle,2019-04-21,2019,4,16,-0.78,113.92,86.6,35.54,85.3
6994,IDN,Indonesia,Southeast Asia,Lower-Middle,2019-04-28,2019,4,17,-0.78,113.92,68.7,34.19,73.9
6995,IDN,Indonesia,Southeast Asia,Lower-Middle,2019-05-05,2019,5,18,-0.78,113.92,76.3,32.15,54.8
6996,IDN,Indonesia,Southeast Asia,Lower-Middle,2019-05-12,2019,5,19,-0.78,113.92,66.2,31.26,82.8
6997,IDN,Indonesia,Southeast Asia,Lower-Middle,2019-05-19,2019,5,20,-0.78,113.92,75.6,28.12,79.7
6998,IDN,Indonesia,Southeast Asia,Lower-Middle,2019-05-26,2019,5,21,-0.78,113.92,61.4,27.98,71.6
6999,IDN,Indonesia,Southeast Asia,Lower-Middle,2019-06-02,2019,6,22,-0.78,113.92,74.7,32.77,54.6
7000,IDN,Indonesia,Southeast Asia,Lower-Middle,2019-06-09,2019,6,23,-0.78,113.92,50.4,29.19,138.6
7001,IDN,Indonesia,Southeast Asia,Lower-Middle,2019-06-16,2019,6,24,-0.78,113.92,42.0,27.33,86.1
7002,IDN,Indonesia,Southeast Asia,Lower-Middle,2019-06-23,2019,6,25,-0.78,113.92,70.8,28.3,101.0
7003,IDN,Indonesia,Southeast Asia,Lower-Middle,2019-06-30,2019,6,26,-0.78,113.92,53.7,23.28,107.6
7004,IDN,Indonesia,Southeast Asia,Lower-Middle,2019-07-07,2019,7,27,-0.78,113.92,41.9,25.37,36.3
7005,IDN,Indonesia,Southeast Asia,Lower-Middle,2019-07-14,2019,7,28,-0.78,113.92,32.1,23.09,105.7
7006,IDN,Indonesia,Southeast Asia,Lower-Middle,2019-07-21,2019,7,29,-0.78,113.92,48.0,22.78,84.2
7007,IDN,Indonesia,Southeast Asia,Lower-Middle,2019-07-28,2019,7,30,-0.78,113.92,31.9,23.09,74.4
7008,IDN,Indonesia,Southeast Asia,Lower-Middle,2019-08-04,2019,8,31,-0.78,113.92,56.3,25.03,14.8
7009,IDN,Indonesia,Southeast Asia,Lower-Middle,2019-08-11,2019,8,32,-0.78,113.92,9.0,18.99,65.2
7010,IDN,Indonesia,Southeast Asia,Lower-Middle,2019-08-18,2019,8,33,-0.78,113.92,33.1,21.76,78.9
7011,IDN,Indonesia,Southeast Asia,Lower-Middle,2019-08-25,2019,8,34,-0.78,113.92,4.8,17.65,53.0
7012,IDN,Indonesia,Southeast Asia,Lower-Middle,2019-09-01,2019,9,35,-0.78,113.92,9.5,17.67,61.8
7013,IDN,Indonesia,Southeast Asia,Lower-Middle,2019-09-08,2019,9,36,-0.78,113.92,2.6,17.27,47.0
7014,IDN,Indonesia,Southeast Asia,Lower-Middle,2019-09-15,2019,9,37,-0.78,113.92,2.3,19.22,64.8
7015,IDN,Indonesia,Southeast Asia,Lower-Middle,2019-09-22,2019,9,38,-0.78,113.92,9.4,19.84,32.5
7016,IDN,Indonesia,Southeast Asia,Lower-Middle,2019-09-29,2019,9,39,-0.78,113.92,2.8,17.46,51.1
7017,IDN,Indonesia,Southeast Asia,Lower-Middle,2019-10-06,2019,10,40,-0.78,113.92,7.6,13.93,0.0
7018,IDN,Indonesia,Southeast Asia,Lower-Middle,2019-10-13,2019,10,41,-0.78,113.92,8.2,15.83,45.2
7019,IDN,Indonesia,Southeast Asia,Lower-Middle,2019-10-20,2019,10,42,-0.78,113.92,2.6,14.58,105.2
7020,IDN,Indonesia,Southeast Asia,Lower-Middle,2019-10-27,2019,10,43,-0.78,113.92,6.7,16.3,0.0
7021,IDN,Indonesia,Southeast Asia,Lower-Middle,2019-11-03,2019,11,44,-0.78,113.92,6.5,17.36,11.6
7022,IDN,Indonesia,Southeast Asia,Lower-Middle,2019-11-10,2019,11,45,-0.78,113.92,3.6,16.69,22.9
7023,IDN,Indonesia,Southeast Asia,Lower-Middle,2019-11-17,2019,11,46,-0.78,113.92,9.3,15.26,46.2
7024,IDN,Indonesia,Southeast Asia,Lower-Middle,2019-11-24,2019,11,47,-0.78,113.92,4.7,17.31,39.6
7025,IDN,Indonesia,Southeast Asia,Lower-Middle,2019-12-01,2019,12,48,-0.78,113.92,29.6,21.59,96.4
7026,IDN,Indonesia,Southeast Asia,Lower-Middle,2019-12-08,2019,12,49,-0.78,113.92,6.1,21.44,40.5
7027,IDN,Indonesia,Southeast Asia,Lower-Middle,2019-12-15,2019,12,50,-0.78,113.92,60.1,24.08,108.1
7028,IDN,Indonesia,Southeast Asia,Lower-Middle,2019-12-22,2019,12,51,-0.78,113.92,35.2,22.92,86.3
7029,IDN,Indonesia,Southeast Asia,Lower-Middle,2019-12-29,2019,12,52,-0.78,113.92,28.1,21.35,97.7
7030,IDN,Indonesia,Southeast Asia,Lower-Middle,2020-01-05,2020,1,1,-0.78,113.92,60.1,27.33,87.0
7031,IDN,Indonesia,Southeast Asia,Lower-Middle,2020-01-12,2020,1,2,-0.78,113.92,38.5,25.58,67.0
7032,IDN,Indonesia,Southeast Asia,Lower-Middle,2020-01-19,2020,1,3,-0.78,113.92,42.9,24.6,105.9
7033,IDN,Indonesia,Southeast Asia,Lower-Middle,2020-01-26,2020,1,4,-0.78,113.92,47.8,31.69,70.5
7034,IDN,Indonesia,Southeast Asia,Lower-Middle,2020-02-02,2020,2,5,-0.78,113.92,77.5,30.75,76.5
7035,IDN,Indonesia,Southeast Asia,Lower-Middle,2020-02-09,2020,2,6,-0.78,113.92,47.7,29.58,66.8
7036,IDN,Indonesia,Southeast Asia,Lower-Middle,2020-02-16,2020,2,7,-0.78,113.92,58.7,28.21,95.5
7037,IDN,Indonesia,Southeast Asia,Lower-Middle,2020-02-23,2020,2,8,-0.78,113.92,72.4,32.83,76.3
7038,IDN,Indonesia,Southeast Asia,Lower-Middle,2020-03-01,2020,3,9,-0.78,113.92,58.8,27.68,86.6
7039,IDN,Indonesia,Southeast Asia,Lower-Middle,2020-03-08,2020,3,10,-0.78,113.92,100.0,35.61,154.5
7040,IDN,Indonesia,Southeast Asia,Lower-Middle,2020-03-15,2020,3,11,-0.78,113.92,86.6,34.46,98.9
7041,IDN,Indonesia,Southeast Asia,Lower-Middle,2020-03-22,2020,3,12,-0.78,113.92,65.1,34.24,108.3
7042,IDN,Indonesia,Southeast Asia,Lower-Middle,2020-03-29,2020,3,13,-0.78,113.92,63.1,34.96,115.9
7043,IDN,Indonesia,Southeast Asia,Lower-Middle,2020-04-05,2020,4,14,-0.78,113.92,69.4,34.17,56.3
7044,IDN,Indonesia,Southeast Asia,Lower-Middle,2020-04-12,2020,4,15,-0.78,113.92,72.0,31.65,127.6
7045,IDN,Indonesia,Southeast Asia,Lower-Middle,2020-04-19,2020,4,16,-0.78,113.92,80.0,31.66,155.2
7046,IDN,Indonesia,Southeast Asia,Lower-Middle,2020-04-26,2020,4,17,-0.78,113.92,49.1,32.2,108.3
7047,IDN,Indonesia,Southeast Asia,Lower-Middle,2020-05-03,2020,5,18,-0.78,113.92,58.8,31.5,93.5
7048,IDN,Indonesia,Southeast Asia,Lower-Middle,2020-05-10,2020,5,19,-0.78,113.92,66.7,28.59,122.2
7049,IDN,Indonesia,Southeast Asia,Lower-Middle,2020-05-17,2020,5,20,-0.78,113.92,68.9,33.72,121.6
7050,IDN,Indonesia,Southeast Asia,Lower-Middle,2020-05-24,2020,5,21,-0.78,113.92,54.4,30.64,100.6
7051,IDN,Indonesia,Southeast Asia,Lower-Middle,2020-05-31,2020,5,22,-0.78,113.92,65.7,31.3,98.2
7052,IDN,Indonesia,Southeast Asia,Lower-Middle,2020-06-07,2020,6,23,-0.78,113.92,56.8,29.2,74.7
7053,IDN,Indonesia,Southeast Asia,Lower-Middle,2020-06-14,2020,6,24,-0.78,113.92,68.4,29.31,101.1
7054,IDN,Indonesia,Southeast Asia,Lower-Middle,2020-06-21,2020,6,25,-0.78,113.92,45.5,25.39,48.4
7055,IDN,Indonesia,Southeast Asia,Lower-Middle,2020-06-28,2020,6,26,-0.78,113.92,25.0,22.1,70.9
7056,IDN,Indonesia,Southeast Asia,Lower-Middle,2020-07-05,2020,7,27,-0.78,113.92,59.5,25.31,119.9
7057,IDN,Indonesia,Southeast Asia,Lower-Middle,2020-07-12,2020,7,28,-0.78,113.92,25.5,20.34,6.7
7058,IDN,Indonesia,Southeast Asia,Lower-Middle,2020-07-19,2020,7,29,-0.78,113.92,14.0,18.96,104.0
7059,IDN,Indonesia,Southeast Asia,Lower-Middle,2020-07-26,2020,7,30,-0.78,113.92,0.0,18.74,61.1
7060,IDN,Indonesia,Southeast Asia,Lower-Middle,2020-08-02,2020,8,31,-0.78,113.92,39.4,20.02,96.8
7061,IDN,Indonesia,Southeast Asia,Lower-Middle,2020-08-09,2020,8,32,-0.78,113.92,24.6,20.05,63.4
7062,IDN,Indonesia,Southeast Asia,Lower-Middle,2020-08-16,2020,8,33,-0.78,113.92,2.7,17.18,22.1
7063,IDN,Indonesia,Southeast Asia,Lower-Middle,2020-08-23,2020,8,34,-0.78,113.92,4.2,16.85,88.1
7064,IDN,Indonesia,Southeast Asia,Lower-Middle,2020-08-30,2020,8,35,-0.78,113.92,4.2,18.97,75.2
7065,IDN,Indonesia,Southeast Asia,Lower-Middle,2020-09-06,2020,9,36,-0.78,113.92,2.6,14.9,23.3
7066,IDN,Indonesia,Southeast Asia,Lower-Middle,2020-09-13,2020,9,37,-0.78,113.92,22.5,22.02,21.6
7067,IDN,Indonesia,Southeast Asia,Lower-Middle,2020-09-20,2020,9,38,-0.78,113.92,7.8,17.29,90.3
7068,IDN,Indonesia,Southeast Asia,Lower-Middle,2020-09-27,2020,9,39,-0.78,113.92,5.3,17.38,0.0
7069,IDN,Indonesia,Southeast Asia,Lower-Middle,2020-10-04,2020,10,40,-0.78,113.92,7.8,16.95,25.7
7070,IDN,Indonesia,Southeast Asia,Lower-Middle,2020-10-11,2020,10,41,-0.78,113.92,28.0,20.29,79.4
7071,IDN,Indonesia,Southeast Asia,Lower-Middle,2020-10-18,2020,10,42,-0.78,113.92,8.2,17.96,28.1
7072,IDN,Indonesia,Southeast Asia,Lower-Middle,2020-10-25,2020,10,43,-0.78,113.92,2.2,17.71,72.8
7073,IDN,Indonesia,Southeast Asia,Lower-Middle,2020-11-01,2020,11,44,-0.78,113.92,2.9,16.2,37.7
7074,IDN,Indonesia,Southeast Asia,Lower-Middle,2020-11-08,2020,11,45,-0.78,113.92,16.7,20.37,38.8
7075,IDN,Indonesia,Southeast Asia,Lower-Middle,2020-11-15,2020,11,46,-0.78,113.92,4.7,18.7,95.6
7076,IDN,Indonesia,Southeast Asia,Lower-Middle,2020-11-22,2020,11,47,-0.78,113.92,6.4,19.77,109.4
7077,IDN,Indonesia,Southeast Asia,Lower-Middle,2020-11-29,2020,11,48,-0.78,113.92,35.2,23.29,1.4
7078,IDN,Indonesia,Southeast Asia,Lower-Middle,2020-12-06,2020,12,49,-0.78,113.92,29.6,20.24,25.5
7079,IDN,Indonesia,Southeast Asia,Lower-Middle,2020-12-13,2020,12,50,-0.78,113.92,0.4,17.7,82.8
7080,IDN,Indonesia,Southeast Asia,Lower-Middle,2020-12-20,2020,12,51,-0.78,113.92,22.7,23.08,42.0
7081,IDN,Indonesia,Southeast Asia,Lower-Middle,2020-12-27,2020,12,52,-0.78,113.92,32.8,21.81,65.8
7082,IDN,Indonesia,Southeast Asia,Lower-Middle,2021-01-03,2021,1,53,-0.78,113.92,49.1,28.81,98.6
7083,IDN,Indonesia,Southeast Asia,Lower-Middle,2021-01-10,2021,1,1,-0.78,113.92,53.8,24.3,81.4
7084,IDN,Indonesia,Southeast Asia,Lower-Middle,2021-01-17,2021,1,2,-0.78,113.92,39.8,27.27,63.3
7085,IDN,Indonesia,Southeast Asia,Lower-Middle,2021-01-24,2021,1,3,-0.78,113.92,26.1,23.99,89.6
7086,IDN,Indonesia,Southeast Asia,Lower-Middle,2021-01-31,2021,1,4,-0.78,113.92,62.4,30.17,131.9
7087,IDN,Indonesia,Southeast Asia,Lower-Middle,2021-02-07,2021,2,5,-0.78,113.92,56.4,27.32,92.8
7088,IDN,Indonesia,Southeast Asia,Lower-Middle,2021-02-14,2021,2,6,-0.78,113.92,41.8,27.89,98.4
7089,IDN,Indonesia,Southeast Asia,Lower-Middle,2021-02-21,2021,2,7,-0.78,113.92,43.4,30.02,134.5
7090,IDN,Indonesia,Southeast Asia,Lower-Middle,2021-02-28,2021,2,8,-0.78,113.92,56.7,30.34,141.1
7091,IDN,Indonesia,Southeast Asia,Lower-Middle,2021-03-07,2021,3,9,-0.78,113.92,71.5,32.65,99.4
7092,IDN,Indonesia,Southeast Asia,Lower-Middle,2021-03-14,2021,3,10,-0.78,113.92,68.5,32.82,124.6
7093,IDN,Indonesia,Southeast Asia,Lower-Middle,2021-03-21,2021,3,11,-0.78,113.92,77.7,31.13,103.8
7094,IDN,Indonesia,Southeast Asia,Lower-Middle,2021-03-28,2021,3,12,-0.78,113.92,65.9,31.56,38.0
7095,IDN,Indonesia,Southeast Asia,Lower-Middle,2021-04-04,2021,4,13,-0.78,113.92,77.4,33.57,148.0
7096,IDN,Indonesia,Southeast Asia,Lower-Middle,2021-04-11,2021,4,14,-0.78,113.92,86.4,33.99,141.9
7097,IDN,Indonesia,Southeast Asia,Lower-Middle,2021-04-18,2021,4,15,-0.78,113.92,60.5,32.9,107.4
7098,IDN,Indonesia,Southeast Asia,Lower-Middle,2021-04-25,2021,4,16,-0.78,113.92,77.6,31.93,139.6
7099,IDN,Indonesia,Southeast Asia,Lower-Middle,2021-05-02,2021,5,17,-0.78,113.92,75.1,34.03,116.0
7100,IDN,Indonesia,Southeast Asia,Lower-Middle,2021-05-09,2021,5,18,-0.78,113.92,78.2,31.33,140.5
7101,IDN,Indonesia,Southeast Asia,Lower-Middle,2021-05-16,2021,5,19,-0.78,113.92,38.3,27.19,135.1
7102,IDN,Indonesia,Southeast Asia,Lower-Middle,2021-05-23,2021,5,20,-0.78,113.92,57.3,28.15,72.0
7103,IDN,Indonesia,Southeast Asia,Lower-Middle,2021-05-30,2021,5,21,-0.78,113.92,46.3,30.33,64.4
7104,IDN,Indonesia,Southeast Asia,Lower-Middle,2021-06-06,2021,6,22,-0.78,113.92,40.7,26.02,54.3
7105,IDN,Indonesia,Southeast Asia,Lower-Middle,2021-06-13,2021,6,23,-0.78,113.92,30.2,26.9,44.3
7106,IDN,Indonesia,Southeast Asia,Lower-Middle,2021-06-20,2021,6,24,-0.78,113.92,54.4,25.96,186.7
7107,IDN,Indonesia,Southeast Asia,Lower-Middle,2021-06-27,2021,6,25,-0.78,113.92,24.3,23.67,27.5
7108,IDN,Indonesia,Southeast Asia,Lower-Middle,2021-07-04,2021,7,26,-0.78,113.92,41.7,24.03,39.8
7109,IDN,Indonesia,Southeast Asia,Lower-Middle,2021-07-11,2021,7,27,-0.78,113.92,41.1,23.38,83.5
7110,IDN,Indonesia,Southeast Asia,Lower-Middle,2021-07-18,2021,7,28,-0.78,113.92,44.6,24.72,74.1
7111,IDN,Indonesia,Southeast Asia,Lower-Middle,2021-07-25,2021,7,29,-0.78,113.92,34.9,21.03,45.1
7112,IDN,Indonesia,Southeast Asia,Lower-Middle,2021-08-01,2021,8,30,-0.78,113.92,7.9,18.88,41.7
7113,IDN,Indonesia,Southeast Asia,Lower-Middle,2021-08-08,2021,8,31,-0.78,113.92,8.9,19.89,83.4
7114,IDN,Indonesia,Southeast Asia,Lower-Middle,2021-08-15,2021,8,32,-0.78,113.92,4.4,19.65,44.7
7115,IDN,Indonesia,Southeast Asia,Lower-Middle,2021-08-22,2021,8,33,-0.78,113.92,11.4,18.26,86.7
7116,IDN,Indonesia,Southeast Asia,Lower-Middle,2021-08-29,2021,8,34,-0.78,113.92,3.6,15.95,0.0
7117,IDN,Indonesia,Southeast Asia,Lower-Middle,2021-09-05,2021,9,35,-0.78,113.92,2.4,17.61,0.0
7118,IDN,Indonesia,Southeast Asia,Lower-Middle,2021-09-12,2021,9,36,-0.78,113.92,1.8,16.12,87.7
7119,IDN,Indonesia,Southeast Asia,Lower-Middle,2021-09-19,2021,9,37,-0.78,113.92,4.6,18.57,0.0
7120,IDN,Indonesia,Southeast Asia,Lower-Middle,2021-09-26,2021,9,38,-0.78,113.92,0.0,17.75,41.8
7121,IDN,Indonesia,Southeast Asia,Lower-Middle,2021-10-03,2021,10,39,-0.78,113.92,11.3,19.37,6.7
7122,IDN,Indonesia,Southeast Asia,Lower-Middle,2021-10-10,2021,10,40,-0.78,113.92,6.5,18.93,76.7
7123,IDN,Indonesia,Southeast Asia,Lower-Middle,2021-10-17,2021,10,41,-0.78,113.92,6.2,13.38,57.5
7124,IDN,Indonesia,Southeast Asia,Lower-Middle,2021-10-24,2021,10,42,-0.78,113.92,5.3,18.56,33.3
7125,IDN,Indonesia,Southeast Asia,Lower-Middle,2021-10-31,2021,10,43,-0.78,113.92,17.2,20.09,33.7
7126,IDN,Indonesia,Southeast Asia,Lower-Middle,2021-11-07,2021,11,44,-0.78,113.92,5.6,16.91,68.6
7127,IDN,Indonesia,Southeast Asia,Lower-Middle,2021-11-14,2021,11,45,-0.78,113.92,4.9,17.15,90.6
7128,IDN,Indonesia,Southeast Asia,Lower-Middle,2021-11-21,2021,11,46,-0.78,113.92,4.4,19.58,23.0
7129,IDN,Indonesia,Southeast Asia,Lower-Middle,2021-11-28,2021,11,47,-0.78,113.92,2.9,19.11,25.7
7130,IDN,Indonesia,Southeast Asia,Lower-Middle,2021-12-05,2021,12,48,-0.78,113.92,7.2,20.92,0.0
7131,IDN,Indonesia,Southeast Asia,Lower-Middle,2021-12-12,2021,12,49,-0.78,113.92,43.3,24.75,53.0
7132,IDN,Indonesia,Southeast Asia,Lower-Middle,2021-12-19,2021,12,50,-0.78,113.92,36.7,25.86,95.5
7133,IDN,Indonesia,Southeast Asia,Lower-Middle,2021-12-26,2021,12,51,-0.78,113.92,12.0,23.1,57.9
7134,IDN,Indonesia,Southeast Asia,Lower-Middle,2022-01-02,2022,1,52,-0.78,113.92,59.4,28.62,117.0
7135,IDN,Indonesia,Southeast Asia,Lower-Middle,2022-01-09,2022,1,1,-0.78,113.92,50.0,26.85,89.2
7136,IDN,Indonesia,Southeast Asia,Lower-Middle,2022-01-16,2022,1,2,-0.78,113.92,32.4,25.72,56.8
7137,IDN,Indonesia,Southeast Asia,Lower-Middle,2022-01-23,2022,1,3,-0.78,113.92,41.0,24.54,104.5
7138,IDN,Indonesia,Southeast Asia,Lower-Middle,2022-01-30,2022,1,4,-0.78,113.92,60.9,29.5,85.6
7139,IDN,Indonesia,Southeast Asia,Lower-Middle,2022-02-06,2022,2,5,-0.78,113.92,76.5,31.5,152.7
7140,IDN,Indonesia,Southeast Asia,Lower-Middle,2022-02-13,2022,2,6,-0.78,113.92,36.0,26.04,76.9
7141,IDN,Indonesia,Southeast Asia,Lower-Middle,2022-02-20,2022,2,7,-0.78,113.92,64.1,31.07,66.1
7142,IDN,Indonesia,Southeast Asia,Lower-Middle,2022-02-27,2022,2,8,-0.78,113.92,57.5,30.28,119.3
7143,IDN,Indonesia,Southeast Asia,Lower-Middle,2022-03-06,2022,3,9,-0.78,113.92,57.8,28.13,59.4
7144,IDN,Indonesia,Southeast Asia,Lower-Middle,2022-03-13,2022,3,10,-0.78,113.92,76.7,29.86,137.6
7145,IDN,Indonesia,Southeast Asia,Lower-Middle,2022-03-20,2022,3,11,-0.78,113.92,68.0,31.87,153.7
7146,IDN,Indonesia,Southeast Asia,Lower-Middle,2022-03-27,2022,3,12,-0.78,113.92,48.8,31.52,103.8
7147,IDN,Indonesia,Southeast Asia,Lower-Middle,2022-04-03,2022,4,13,-0.78,113.92,41.4,32.87,85.9
7148,IDN,Indonesia,Southeast Asia,Lower-Middle,2022-04-10,2022,4,14,-0.78,113.92,61.7,30.84,118.1
7149,IDN,Indonesia,Southeast Asia,Lower-Middle,2022-04-17,2022,4,15,-0.78,113.92,67.3,31.59,108.9
7150,IDN,Indonesia,Southeast Asia,Lower-Middle,2022-04-24,2022,4,16,-0.78,113.92,56.3,29.79,111.3
7151,IDN,Indonesia,Southeast Asia,Lower-Middle,2022-05-01,2022,5,17,-0.78,113.92,59.1,29.58,122.5
7152,IDN,Indonesia,Southeast Asia,Lower-Middle,2022-05-08,2022,5,18,-0.78,113.92,43.3,27.11,34.7
7153,IDN,Indonesia,Southeast Asia,Lower-Middle,2022-05-15,2022,5,19,-0.78,113.92,63.9,30.88,111.8
7154,IDN,Indonesia,Southeast Asia,Lower-Middle,2022-05-22,2022,5,20,-0.78,113.92,77.3,37.35,143.4
7155,IDN,Indonesia,Southeast Asia,Lower-Middle,2022-05-29,2022,5,21,-0.78,113.92,62.9,33.58,85.8
7156,IDN,Indonesia,Southeast Asia,Lower-Middle,2022-06-05,2022,6,22,-0.78,113.92,59.2,27.39,82.5
7157,IDN,Indonesia,Southeast Asia,Lower-Middle,2022-06-12,2022,6,23,-0.78,113.92,40.7,26.6,119.1
7158,IDN,Indonesia,Southeast Asia,Lower-Middle,2022-06-19,2022,6,24,-0.78,113.92,37.3,24.71,115.8
7159,IDN,Indonesia,Southeast Asia,Lower-Middle,2022-06-26,2022,6,25,-0.78,113.92,27.4,21.52,87.6
7160,IDN,Indonesia,Southeast Asia,Lower-Middle,2022-07-03,2022,7,26,-0.78,113.92,51.4,25.03,69.5
7161,IDN,Indonesia,Southeast Asia,Lower-Middle,2022-07-10,2022,7,27,-0.78,113.92,35.5,23.2,55.8
7162,IDN,Indonesia,Southeast Asia,Lower-Middle,2022-07-17,2022,7,28,-0.78,113.92,48.0,21.5,105.7
7163,IDN,Indonesia,Southeast Asia,Lower-Middle,2022-07-24,2022,7,29,-0.78,113.92,25.6,20.21,145.9
7164,IDN,Indonesia,Southeast Asia,Lower-Middle,2022-07-31,2022,7,30,-0.78,113.92,0.0,19.87,52.1
7165,IDN,Indonesia,Southeast Asia,Lower-Middle,2022-08-07,2022,8,31,-0.78,113.92,5.7,15.61,60.8
7166,IDN,Indonesia,Southeast Asia,Lower-Middle,2022-08-14,2022,8,32,-0.78,113.92,7.9,19.5,46.7
7167,IDN,Indonesia,Southeast Asia,Lower-Middle,2022-08-21,2022,8,33,-0.78,113.92,3.5,17.46,83.6
7168,IDN,Indonesia,Southeast Asia,Lower-Middle,2022-08-28,2022,8,34,-0.78,113.92,4.5,16.42,60.5
7169,IDN,Indonesia,Southeast Asia,Lower-Middle,2022-09-04,2022,9,35,-0.78,113.92,4.9,16.43,27.2
7170,IDN,Indonesia,Southeast Asia,Lower-Middle,2022-09-11,2022,9,36,-0.78,113.92,8.6,19.03,76.4
7171,IDN,Indonesia,Southeast Asia,Lower-Middle,2022-09-18,2022,9,37,-0.78,113.92,7.7,14.24,71.4
7172,IDN,Indonesia,Southeast Asia,Lower-Middle,2022-09-25,2022,9,38,-0.78,113.92,4.2,14.64,51.1
7173,IDN,Indonesia,Southeast Asia,Lower-Middle,2022-10-02,2022,10,39,-0.78,113.92,4.8,18.5,103.4
7174,IDN,Indonesia,Southeast Asia,Lower-Middle,2022-10-09,2022,10,40,-0.78,113.92,4.5,15.13,90.7
7175,IDN,Indonesia,Southeast Asia,Lower-Middle,2022-10-16,2022,10,41,-0.78,113.92,7.7,14.11,52.3
7176,IDN,Indonesia,Southeast Asia,Lower-Middle,2022-10-23,2022,10,42,-0.78,113.92,5.1,16.51,42.3
7177,IDN,Indonesia,Southeast Asia,Lower-Middle,2022-10-30,2022,10,43,-0.78,113.92,2.6,18.34,7.8
7178,IDN,Indonesia,Southeast Asia,Lower-Middle,2022-11-06,2022,11,44,-0.78,113.92,5.5,17.7,31.1
7179,IDN,Indonesia,Southeast Asia,Lower-Middle,2022-11-13,2022,11,45,-0.78,113.92,1.8,19.09,63.3
7180,IDN,Indonesia,Southeast Asia,Lower-Middle,2022-11-20,2022,11,46,-0.78,113.92,34.0,23.95,7.7
7181,IDN,Indonesia,Southeast Asia,Lower-Middle,2022-11-27,2022,11,47,-0.78,113.92,0.0,16.92,58.4
7182,IDN,Indonesia,Southeast Asia,Lower-Middle,2022-12-04,2022,12,48,-0.78,113.92,10.9,21.06,0.0
7183,IDN,Indonesia,Southeast Asia,Lower-Middle,2022-12-11,2022,12,49,-0.78,113.92,19.9,22.2,104.8
7184,IDN,Indonesia,Southeast Asia,Lower-Middle,2022-12-18,2022,12,50,-0.78,113.92,44.3,25.3,76.5
7185,IDN,Indonesia,Southeast Asia,Lower-Middle,2022-12-25,2022,12,51,-0.78,113.92,32.6,23.3,95.8
7186,IDN,Indonesia,Southeast Asia,Lower-Middle,2023-01-01,2023,1,52,-0.78,113.92,50.4,26.96,46.7
7187,IDN,Indonesia,Southeast Asia,Lower-Middle,2023-01-08,2023,1,1,-0.78,113.92,53.4,23.65,66.0
7188,IDN,Indonesia,Southeast Asia,Lower-Middle,2023-01-15,2023,1,2,-0.78,113.92,67.9,28.38,101.9
7189,IDN,Indonesia,Southeast Asia,Lower-Middle,2023-01-22,2023,1,3,-0.78,113.92,48.9,27.22,69.3
7190,IDN,Indonesia,Southeast Asia,Lower-Middle,2023-01-29,2023,1,4,-0.78,113.92,47.6,29.71,91.1
7191,IDN,Indonesia,Southeast Asia,Lower-Middle,2023-02-05,2023,2,5,-0.78,113.92,76.6,29.64,136.5
7192,IDN,Indonesia,Southeast Asia,Lower-Middle,2023-02-12,2023,2,6,-0.78,113.92,67.9,30.33,52.6
7193,IDN,Indonesia,Southeast Asia,Lower-Middle,2023-02-19,2023,2,7,-0.78,113.92,52.5,29.36,116.1
7194,IDN,Indonesia,Southeast Asia,Lower-Middle,2023-02-26,2023,2,8,-0.78,113.92,71.5,33.38,123.1
7195,IDN,Indonesia,Southeast Asia,Lower-Middle,2023-03-05,2023,3,9,-0.78,113.92,59.4,33.91,97.4
7196,IDN,Indonesia,Southeast Asia,Lower-Middle,2023-03-12,2023,3,10,-0.78,113.92,52.0,32.97,29.2
7197,IDN,Indonesia,Southeast Asia,Lower-Middle,2023-03-19,2023,3,11,-0.78,113.92,81.5,33.14,86.9
7198,IDN,Indonesia,Southeast Asia,Lower-Middle,2023-03-26,2023,3,12,-0.78,113.92,82.4,38.33,104.2
7199,IDN,Indonesia,Southeast Asia,Lower-Middle,2023-04-02,2023,4,13,-0.78,113.92,58.3,32.98,93.4
7200,IDN,Indonesia,Southeast Asia,Lower-Middle,2023-04-09,2023,4,14,-0.78,113.92,64.3,34.86,123.9
7201,IDN,Indonesia,Southeast Asia,Lower-Middle,2023-04-16,2023,4,15,-0.78,113.92,79.9,32.57,117.6
7202,IDN,Indonesia,Southeast Asia,Lower-Middle,2023-04-23,2023,4,16,-0.78,113.92,63.9,31.07,96.3
7203,IDN,Indonesia,Southeast Asia,Lower-Middle,2023-04-30,2023,4,17,-0.78,113.92,78.5,32.92,139.0
7204,IDN,Indonesia,Southeast Asia,Lower-Middle,2023-05-07,2023,5,18,-0.78,113.92,80.5,30.65,94.1
7205,IDN,Indonesia,Southeast Asia,Lower-Middle,2023-05-14,2023,5,19,-0.78,113.92,60.9,28.99,107.5
7206,IDN,Indonesia,Southeast Asia,Lower-Middle,2023-05-21,2023,5,20,-0.78,113.92,78.9,32.67,138.9
7207,IDN,Indonesia,Southeast Asia,Lower-Middle,2023-05-28,2023,5,21,-0.78,113.92,47.7,31.29,46.9
7208,IDN,Indonesia,Southeast Asia,Lower-Middle,2023-06-04,2023,6,22,-0.78,113.92,54.0,25.76,94.0
7209,IDN,Indonesia,Southeast Asia,Lower-Middle,2023-06-11,2023,6,23,-0.78,113.92,34.4,28.46,100.4
7210,IDN,Indonesia,Southeast Asia,Lower-Middle,2023-06-18,2023,6,24,-0.78,113.92,45.8,21.32,73.7
7211,IDN,Indonesia,Southeast Asia,Lower-Middle,2023-06-25,2023,6,25,-0.78,113.92,30.2,25.26,29.9
7212,IDN,Indonesia,Southeast Asia,Lower-Middle,2023-07-02,2023,7,26,-0.78,113.92,20.8,23.78,64.4
7213,IDN,Indonesia,Southeast Asia,Lower-Middle,2023-07-09,2023,7,27,-0.78,113.92,61.8,26.18,55.7
7214,IDN,Indonesia,Southeast Asia,Lower-Middle,2023-07-16,2023,7,28,-0.78,113.92,39.4,22.15,115.8
7215,IDN,Indonesia,Southeast Asia,Lower-Middle,2023-07-23,2023,7,29,-0.78,113.92,22.7,21.87,54.8
7216,IDN,Indonesia,Southeast Asia,Lower-Middle,2023-07-30,2023,7,30,-0.78,113.92,40.7,23.1,74.7
7217,IDN,Indonesia,Southeast Asia,Lower-Middle,2023-08-06,2023,8,31,-0.78,113.92,18.0,20.68,28.6
7218,IDN,Indonesia,Southeast Asia,Lower-Middle,2023-08-13,2023,8,32,-0.78,113.92,11.6,18.6,61.8
7219,IDN,Indonesia,Southeast Asia,Lower-Middle,2023-08-20,2023,8,33,-0.78,113.92,16.2,20.73,54.7
7220,IDN,Indonesia,Southeast Asia,Lower-Middle,2023-08-27,2023,8,34,-0.78,113.92,7.9,16.4,71.4
7221,IDN,Indonesia,Southeast Asia,Lower-Middle,2023-09-03,2023,9,35,-0.78,113.92,2.0,17.28,51.7
7222,IDN,Indonesia,Southeast Asia,Lower-Middle,2023-09-10,2023,9,36,-0.78,113.92,8.0,15.95,54.0
7223,IDN,Indonesia,Southeast Asia,Lower-Middle,2023-09-17,2023,9,37,-0.78,113.92,12.8,20.74,6.7
7224,IDN,Indonesia,Southeast Asia,Lower-Middle,2023-09-24,2023,9,38,-0.78,113.92,6.9,14.91,0.0
7225,IDN,Indonesia,Southeast Asia,Lower-Middle,2023-10-01,2023,10,39,-0.78,113.92,5.9,18.54,22.8
7226,IDN,Indonesia,Southeast Asia,Lower-Middle,2023-10-08,2023,10,40,-0.78,113.92,5.1,13.69,52.8
7227,IDN,Indonesia,Southeast Asia,Lower-Middle,2023-10-15,2023,10,41,-0.78,113.92,7.5,15.27,36.4
7228,IDN,Indonesia,Southeast Asia,Lower-Middle,2023-10-22,2023,10,42,-0.78,113.92,3.2,17.89,50.3
7229,IDN,Indonesia,Southeast Asia,Lower-Middle,2023-10-29,2023,10,43,-0.78,113.92,0.9,18.03,0.1
7230,IDN,Indonesia,Southeast Asia,Lower-Middle,2023-11-05,2023,11,44,-0.78,113.92,30.6,21.6,26.5
7231,IDN,Indonesia,Southeast Asia,Lower-Middle,2023-11-12,2023,11,45,-0.78,113.92,6.5,18.0,20.2
7232,IDN,Indonesia,Southeast Asia,Lower-Middle,2023-11-19,2023,11,46,-0.78,113.92,5.5,18.27,45.8
7233,IDN,Indonesia,Southeast Asia,Lower-Middle,2023-11-26,2023,11,47,-0.78,113.92,40.2,21.47,46.5
7234,IDN,Indonesia,Southeast Asia,Lower-Middle,2023-12-03,2023,12,48,-0.78,113.92,27.6,20.15,57.4
7235,IDN,Indonesia,Southeast Asia,Lower-Middle,2023-12-10,2023,12,49,-0.78,113.92,38.8,21.63,78.7
7236,IDN,Indonesia,Southeast Asia,Lower-Middle,2023-12-17,2023,12,50,-0.78,113.92,35.5,23.82,60.9
7237,IDN,Indonesia,Southeast Asia,Lower-Middle,2023-12-24,2023,12,51,-0.78,113.92,40.1,24.96,69.8
7238,IDN,Indonesia,Southeast Asia,Lower-Middle,2023-12-31,2023,12,52,-0.78,113.92,46.5,30.83,75.5
7239,IDN,Indonesia,Southeast Asia,Lower-Middle,2024-01-07,2024,1,1,-0.78,113.92,33.0,23.41,107.9
7240,IDN,Indonesia,Southeast Asia,Lower-Middle,2024-01-14,2024,1,2,-0.78,113.92,82.6,29.64,131.7
7241,IDN,Indonesia,Southeast Asia,Lower-Middle,2024-01-21,2024,1,3,-0.78,113.92,69.1,31.38,115.5
7242,IDN,Indonesia,Southeast Asia,Lower-Middle,2024-01-28,2024,1,4,-0.78,113.92,43.6,29.04,57.4
7243,IDN,Indonesia,Southeast Asia,Lower-Middle,2024-02-04,2024,2,5,-0.78,113.92,52.9,25.14,91.7
7244,IDN,Indonesia,Southeast Asia,Lower-Middle,2024-02-11,2024,2,6,-0.78,113.92,43.9,30.25,77.1
7245,IDN,Indonesia,Southeast Asia,Lower-Middle,2024-02-18,2024,2,7,-0.78,113.92,54.4,30.87,97.5
7246,IDN,Indonesia,Southeast Asia,Lower-Middle,2024-02-25,2024,2,8,-0.78,113.92,58.0,30.35,124.1
7247,IDN,Indonesia,Southeast Asia,Lower-Middle,2024-03-03,2024,3,9,-0.78,113.92,88.1,36.66,141.2
7248,IDN,Indonesia,Southeast Asia,Lower-Middle,2024-03-10,2024,3,10,-0.78,113.92,76.9,33.18,123.1
7249,IDN,Indonesia,Southeast Asia,Lower-Middle,2024-03-17,2024,3,11,-0.78,113.92,44.1,34.49,91.3
7250,IDN,Indonesia,Southeast Asia,Lower-Middle,2024-03-24,2024,3,12,-0.78,113.92,54.1,33.5,88.2
7251,IDN,Indonesia,Southeast Asia,Lower-Middle,2024-03-31,2024,3,13,-0.78,113.92,52.7,29.32,91.1
7252,IDN,Indonesia,Southeast Asia,Lower-Middle,2024-04-07,2024,4,14,-0.78,113.92,56.1,32.32,121.5
7253,IDN,Indonesia,Southeast Asia,Lower-Middle,2024-04-14,2024,4,15,-0.78,113.92,80.6,35.77,101.1
7254,IDN,Indonesia,Southeast Asia,Lower-Middle,2024-04-21,2024,4,16,-0.78,113.92,66.6,32.39,176.1
7255,IDN,Indonesia,Southeast Asia,Lower-Middle,2024-04-28,2024,4,17,-0.78,113.92,100.0,32.14,165.8
7256,IDN,Indonesia,Southeast Asia,Lower-Middle,2024-05-05,2024,5,18,-0.78,113.92,59.0,30.76,141.0
7257,IDN,Indonesia,Southeast Asia,Lower-Middle,2024-05-12,2024,5,19,-0.78,113.92,54.9,32.02,99.7
7258,IDN,Indonesia,Southeast Asia,Lower-Middle,2024-05-19,2024,5,20,-0.78,113.92,56.4,28.83,145.8
7259,IDN,Indonesia,Southeast Asia,Lower-Middle,2024-05-26,2024,5,21,-0.78,113.92,42.7,26.81,81.9
7260,IDN,Indonesia,Southeast Asia,Lower-Middle,2024-06-02,2024,6,22,-0.78,113.92,63.2,28.73,62.7
7261,IDN,Indonesia,Southeast Asia,Lower-Middle,2024-06-09,2024,6,23,-0.78,113.92,40.5,28.75,117.4
7262,IDN,Indonesia,Southeast Asia,Lower-Middle,2024-06-16,2024,6,24,-0.78,113.92,35.3,26.9,67.3
7263,IDN,Indonesia,Southeast Asia,Lower-Middle,2024-06-23,2024,6,25,-0.78,113.92,42.5,23.47,114.5
7264,IDN,Indonesia,Southeast Asia,Lower-Middle,2024-06-30,2024,6,26,-0.78,113.92,39.6,21.98,96.4
7265,IDN,Indonesia,Southeast Asia,Lower-Middle,2024-07-07,2024,7,27,-0.78,113.92,32.8,21.54,127.0
7266,IDN,Indonesia,Southeast Asia,Lower-Middle,2024-07-14,2024,7,28,-0.78,113.92,17.9,22.29,23.4
7267,IDN,Indonesia,Southeast Asia,Lower-Middle,2024-07-21,2024,7,29,-0.78,113.92,16.9,21.17,78.6
7268,IDN,Indonesia,Southeast Asia,Lower-Middle,2024-07-28,2024,7,30,-0.78,113.92,3.2,18.72,35.1
7269,IDN,Indonesia,Southeast Asia,Lower-Middle,2024-08-04,2024,8,31,-0.78,113.92,0.9,17.57,62.3
7270,IDN,Indonesia,Southeast Asia,Lower-Middle,2024-08-11,2024,8,32,-0.78,113.92,1.5,19.72,86.1
7271,IDN,Indonesia,Southeast Asia,Lower-Middle,2024-08-18,2024,8,33,-0.78,113.92,14.4,21.2,52.4
7272,IDN,Indonesia,Southeast Asia,Lower-Middle,2024-08-25,2024,8,34,-0.78,113.92,3.9,19.37,15.9
7273,IDN,Indonesia,Southeast Asia,Lower-Middle,2024-09-01,2024,9,35,-0.78,113.92,0.5,16.23,16.8
7274,IDN,Indonesia,Southeast Asia,Lower-Middle,2024-09-08,2024,9,36,-0.78,113.92,7.9,15.29,74.6
7275,IDN,Indonesia,Southeast Asia,Lower-Middle,2024-09-15,2024,9,37,-0.78,113.92,6.4,15.94,18.1
7276,IDN,Indonesia,Southeast Asia,Lower-Middle,2024-09-22,2024,9,38,-0.78,113.92,0.0,14.69,55.1
7277,IDN,Indonesia,Southeast Asia,Lower-Middle,2024-09-29,2024,9,39,-0.78,113.92,9.0,15.69,53.6
7278,IDN,Indonesia,Southeast Asia,Lower-Middle,2024-10-06,2024,10,40,-0.78,113.92,3.3,15.53,47.0
7279,IDN,Indonesia,Southeast Asia,Lower-Middle,2024-10-13,2024,10,41,-0.78,113.92,3.9,16.78,38.1
7280,IDN,Indonesia,Southeast Asia,Lower-Middle,2024-10-20,2024,10,42,-0.78,113.92,7.3,17.04,0.0
7281,IDN,Indonesia,Southeast Asia,Lower-Middle,2024-10-27,2024,10,43,-0.78,113.92,20.5,20.58,38.6
7282,IDN,Indonesia,Southeast Asia,Lower-Middle,2024-11-03,2024,11,44,-0.78,113.92,0.6,15.05,78.5
7283,IDN,Indonesia,Southeast Asia,Lower-Middle,2024-11-10,2024,11,45,-0.78,113.92,18.8,20.93,34.7
7284,IDN,Indonesia,Southeast Asia,Lower-Middle,2024-11-17,2024,11,46,-0.78,113.92,17.6,20.01,57.7
7285,IDN,Indonesia,Southeast Asia,Lower-Middle,2024-11-24,2024,11,47,-0.78,113.92,3.4,15.77,12.1
7286,IDN,Indonesia,Southeast Asia,Lower-Middle,2024-12-01,2024,12,48,-0.78,113.92,32.6,20.75,107.2
7287,IDN,Indonesia,Southeast Asia,Lower-Middle,2024-12-08,2024,12,49,-0.78,113.92,38.9,23.88,70.0
7288,IDN,Indonesia,Southeast Asia,Lower-Middle,2024-12-15,2024,12,50,-0.78,113.92,12.5,21.73,17.7
7289,IDN,Indonesia,Southeast Asia,Lower-Middle,2024-12-22,2024,12,51,-0.78,113.92,55.8,25.16,107.7
7290,IDN,Indonesia,Southeast Asia,Lower-Middle,2024-12-29,2024,12,52,-0.78,113.92,45.0,27.53,79.6
7291,IDN,Indonesia,Southeast Asia,Lower-Middle,2025-01-05,2025,1,1,-0.78,113.92,41.6,23.87,133.4
7292,IDN,Indonesia,Southeast Asia,Lower-Middle,2025-01-12,2025,1,2,-0.78,113.92,52.6,28.8,110.7
7293,IDN,Indonesia,Southeast Asia,Lower-Middle,2025-01-19,2025,1,3,-0.78,113.92,60.7,29.38,125.7
7294,IDN,Indonesia,Southeast Asia,Lower-Middle,2025-01-26,2025,1,4,-0.78,113.92,67.5,30.51,136.7
7295,IDN,Indonesia,Southeast Asia,Lower-Middle,2025-02-02,2025,2,5,-0.78,113.92,67.2,26.49,129.0
7296,IDN,Indonesia,Southeast Asia,Lower-Middle,2025-02-09,2025,2,6,-0.78,113.92,64.6,30.93,97.6
7297,IDN,Indonesia,Southeast Asia,Lower-Middle,2025-02-16,2025,2,7,-0.78,113.92,64.1,31.41,126.2
7298,IDN,Indonesia,Southeast Asia,Lower-Middle,2025-02-23,2025,2,8,-0.78,113.92,73.2,31.73,154.3
7299,IDN,Indonesia,Southeast Asia,Lower-Middle,2025-03-02,2025,3,9,-0.78,113.92,70.6,32.92,116.7
7300,IDN,Indonesia,Southeast Asia,Lower-Middle,2025-03-09,2025,3,10,-0.78,113.92,67.6,28.21,93.5
7301,IDN,Indonesia,Southeast Asia,Lower-Middle,2025-03-16,2025,3,11,-0.78,113.92,74.9,32.81,63.2
7302,IDN,Indonesia,Southeast Asia,Lower-Middle,2025-03-23,2025,3,12,-0.78,113.92,67.4,30.22,64.6
7303,IDN,Indonesia,Southeast Asia,Lower-Middle,2025-03-30,2025,3,13,-0.78,113.92,69.8,33.99,118.4
7304,IDN,Indonesia,Southeast Asia,Lower-Middle,2025-04-06,2025,4,14,-0.78,113.92,53.3,32.64,130.5
7305,IDN,Indonesia,Southeast Asia,Lower-Middle,2025-04-13,2025,4,15,-0.78,113.92,70.2,35.21,120.1
7306,IDN,Indonesia,Southeast Asia,Lower-Middle,2025-04-20,2025,4,16,-0.78,113.92,79.2,33.8,163.6
7307,IDN,Indonesia,Southeast Asia,Lower-Middle,2025-04-27,2025,4,17,-0.78,113.92,98.9,32.12,127.2
7308,IDN,Indonesia,Southeast Asia,Lower-Middle,2025-05-04,2025,5,18,-0.78,113.92,57.2,31.87,85.4
7309,IDN,Indonesia,Southeast Asia,Lower-Middle,2025-05-11,2025,5,19,-0.78,113.92,63.8,32.75,114.5
7310,IDN,Indonesia,Southeast Asia,Lower-Middle,2025-05-18,2025,5,20,-0.78,113.92,61.4,29.5,142.3
7311,IDN,Indonesia,Southeast Asia,Lower-Middle,2025-05-25,2025,5,21,-0.78,113.92,68.9,29.11,152.6
7312,IDN,Indonesia,Southeast Asia,Lower-Middle,2025-06-01,2025,6,22,-0.78,113.92,48.3,27.34,132.0
7313,IDN,Indonesia,Southeast Asia,Lower-Middle,2025-06-08,2025,6,23,-0.78,113.92,42.9,26.51,64.3
7314,IDN,Indonesia,Southeast Asia,Lower-Middle,2025-06-15,2025,6,24,-0.78,113.92,51.5,25.2,136.7
7315,IDN,Indonesia,Southeast Asia,Lower-Middle,2025-06-22,2025,6,25,-0.78,113.92,67.2,28.65,131.2
7316,IDN,Indonesia,Southeast Asia,Lower-Middle,2025-06-29,2025,6,26,-0.78,113.92,45.3,25.56,83.8
7317,IDN,Indonesia,Southeast Asia,Lower-Middle,2025-07-06,2025,7,27,-0.78,113.92,45.3,24.21,83.4
7318,IDN,Indonesia,Southeast Asia,Lower-Middle,2025-07-13,2025,7,28,-0.78,113.92,16.9,22.07,90.9
7319,IDN,Indonesia,Southeast Asia,Lower-Middle,2025-07-20,2025,7,29,-0.78,113.92,4.3,17.84,74.8
7320,IDN,Indonesia,Southeast Asia,Lower-Middle,2025-07-27,2025,7,30,-0.78,113.92,28.8,21.32,82.0
7321,IDN,Indonesia,Southeast Asia,Lower-Middle,2025-08-03,2025,8,31,-0.78,113.92,40.1,22.64,58.8
7322,IDN,Indonesia,Southeast Asia,Lower-Middle,2025-08-10,2025,8,32,-0.78,113.92,9.9,19.82,27.9
7323,IDN,Indonesia,Southeast Asia,Lower-Middle,2025-08-17,2025,8,33,-0.78,113.92,0.0,18.69,22.3
7324,IDN,Indonesia,Southeast Asia,Lower-Middle,2025-08-24,2025,8,34,-0.78,113.92,9.2,17.23,33.3
7325,IDN,Indonesia,Southeast Asia,Lower-Middle,2025-08-31,2025,8,35,-0.78,113.92,9.0,19.08,48.3
7326,IDN,Indonesia,Southeast Asia,Lower-Middle,2025-09-07,2025,9,36,-0.78,113.92,4.4,17.63,112.9
7327,IDN,Indonesia,Southeast Asia,Lower-Middle,2025-09-14,2025,9,37,-0.78,113.92,8.4,16.21,50.4
7328,IDN,Indonesia,Southeast Asia,Lower-Middle,2025-09-21,2025,9,38,-0.78,113.92,6.1,15.89,22.1
7329,IDN,Indonesia,Southeast Asia,Lower-Middle,2025-09-28,2025,9,39,-0.78,113.92,7.8,19.44,79.8
7330,IDN,Indonesia,Southeast Asia,Lower-Middle,2025-10-05,2025,10,40,-0.78,113.92,2.1,13.98,64.1
7331,IDN,Indonesia,Southeast Asia,Lower-Middle,2025-10-12,2025,10,41,-0.78,113.92,6.9,18.32,0.0
7332,IDN,Indonesia,Southeast Asia,Lower-Middle,2025-10-19,2025,10,42,-0.78,113.92,6.5,17.94,48.1
